Workbook

Sheet DETALLE MF
A1: Sucursal | B1: Cajero | C1: Marca | D1: Marca herramienta | E1: Fecha descarga arqueo | F1: Fecha Arqueo | G1: Hora Arqueo | H1: Efectivo Arqueado /Arqueo fisico saldo contadores | I1: Saldo Contable | J1: dispensado_corte_arqueo | K1: recibido_corte_arqueo | L1: Remanente /Provisión /Ajustes | M1: Diferencia | N1: Naturaleza | O1: Gestión a Realizar | P1: Documento responsable
A2: 4 | B2: 316 | C2: =VLOOKUP(B2,'Lista MF'!B:C,2,0) -> BELLTECH | D2: BELLTECH | E2: 46084 | F2: 46083 | G2: 14:01:00 | H2: 165401700 | I2: 152849650 | J2: 10330000 | K2: 30416000 | L2: =1660000+2920000+2690000 -> 7270000 | M2: =I2-(H2+J2-K2)-L2 -> 263950 | N2: =IF(M2="","",IF(M2=0,"Cuadrado",IF(M2>0,"Faltante","Sobrante"))) -> Faltante | O2: ACLARAR DIFERENCIA Y REPETIR EL ARQUEO | P2: 71278620
A3: 4 | B3: 8630 | C3: =VLOOKUP(B3,'Lista MF'!B:C,2,0) -> BELLTECH | D3: BELLTECH | E3: 46084 | F3: 46083 | G3: 08:57:00 | H3: 340986350 | I3: 309933350 | J3: 1640000 | K3: 32693000 | M3: =I3-(H3+J3-K3)-L3 -> 0 | N3: =IF(M3="","",IF(M3=0,"Cuadrado",IF(M3>0,"Faltante","Sobrante"))) -> Cuadrado | O3: Cajero cuadrado, sin observación por parte de la sucursal | P3: 71278620
A4: 4 | B4: 8631 | C4: =VLOOKUP(B4,'Lista MF'!B:C,2,0) -> BELLTECH | D4: BELLTECH | E4: 46084 | F4: 46083 | G4: 11:06:00 | H4: 212123550 | I4: 170623550 | J4: 15550000 | K4: 57050000 | M4: =I4-(H4+J4-K4)-L4 -> 0 | N4: =IF(M4="","",IF(M4=0,"Cuadrado",IF(M4>0,"Faltante","Sobrante"))) -> Cuadrado | O4: Cajero cuadrado, sin observación por parte de la sucursal | P4: 71278620
A5: 5 | B5: 4866 | C5: =VLOOKUP(B5,'Lista MF'!B:C,2,0) -> DIEBOLD | D5: BELLTECH | E5: 46084 | F5: 46083 | G5: 15:26:24 | H5: 204655550 | I5: 144824400 | J5: 9970000 | K5: 69703150 | M5: =I5-(H5+J5-K5)-L5 -> -98000 | N5: =IF(M5="","",IF(M5=0,"Cuadrado",IF(M5>0,"Faltante","Sobrante"))) -> Sobrante | O5: La diferencia es contabilizada por la Gerencia De Autoservicios y Efectivo de manera centralizada a la cuenta de sobrantes 279510020 el 03/03/2026 | P5: 43824478
A6: 7 | B6: 5059 | C6: =VLOOKUP(B6,'Lista MF'!B:C,2,0) -> BELLTECH | D6: BELLTECH | E6: 46084 | F6: 46083 | G6: 08:46:00 | H6: 198375050 | I6: 200485150 | J6: 7370000 | K6: 0 | M6: =I6-(H6+J6-K6)-L6 -> -5259900 | N6: =IF(M6="","",IF(M6=0,"Cuadrado",IF(M6>0,"Faltante","Sobrante"))) -> Sobrante | O6: La diferencia es contabilizada por la Gerencia De Autoservicios y Efectivo de manera centralizada a la cuenta de sobrantes 279510020 el 03/03/2026 | P6: 1017155472
A7: 7 | B7: 7812 | C7: =VLOOKUP(B7,'Lista MF'!B:C,2,0) -> DIEBOLD | D7: BELLTECH | E7: 46084 | F7: 46083 | G7: 09:25:00 | H7: 69564800 | I7: 77472800 | J7: 4500000 | K7: 4955000 | L7: 8363000 | M7: =I7-(H7+J7-K7)-L7 -> 0 | N7: =IF(M7="","",IF(M7=0,"Cuadrado",IF(M7>0,"Faltante","Sobrante"))) -> Cuadrado | O7: Cajero cuadrado, sin observación por parte de la sucursal | P7: 1017155472
A8: 15 | B8: 8578 | C8: =VLOOKUP(B8,'Lista MF'!B:C,2,0) -> BELLTECH | D8: BELLTECH | E8: 46084 | F8: 46083 | G8: 15:28:00 | H8: 37305450 | I8: 53765450 | J8: 45750000 | K8: 28525000 | M8: =I8-(H8+J8-K8)-L8 -> -765000 | N8: =IF(M8="","",IF(M8=0,"Cuadrado",IF(M8>0,"Faltante","Sobrante"))) -> Sobrante | O8: La diferencia es contabilizada por la Gerencia De Autoservicios y Efectivo de manera centralizada a la cuenta de sobrantes 279510020 el 03/03/2026 | P8: 1037325417
A9: 33 | B9: 8861 | C9: =VLOOKUP(B9,'Lista MF'!B:C,2,0) -> BELLTECH | D9: BELLTECH | E9: 46084 | F9: 46083 | G9: 11:23:00 | H9: 134901800 | I9: 168074400 | J9: 23520000 | K9: 11607400 | M9: =I9-(H9+J9-K9)-L9 -> 21260000 | N9: =IF(M9="","",IF(M9=0,"Cuadrado",IF(M9>0,"Faltante","Sobrante"))) -> Faltante | O9: La diferencia es contabilizada por la Gerencia De Autoservicios y Efectivo de manera centralizada a la cuenta de faltantes 168710093 el 03/03/2026, esta diferencia ingresa a proceso de investigación en el área para identificar a que corresponde. | P9: 79659379
A10: 54 | B10: 6204 | C10: =VLOOKUP(B10,'Lista MF'!B:C,2,0) -> BELLTECH | D10: BELLTECH | E10: 46084 | F10: 46083 | G10: 09:43:00 | H10: 240573750 | I10: 241908750 | J10: 3880000 | K10: 0 | M10: =I10-(H10+J10-K10)-L10 -> -2545000 | N10: =IF(M10="","",IF(M10=0,"Cuadrado",IF(M10>0,"Faltante","Sobrante"))) -> Sobrante | O10: La diferencia es contabilizada por la Gerencia De Autoservicios y Efectivo de manera centralizada a la cuenta de sobrantes 279510020 el 03/03/2026 | P10: 1019068822
A11: 60 | B11: 8729 | C11: =VLOOKUP(B11,'Lista MF'!B:C,2,0) -> BELLTECH | D11: BELLTECH | E11: 46084 | F11: 46083 | G11: 10:41:00 | H11: 43414250 | I11: 32468250 | J11: 18200000 | K11: 29196000 | L11: 50000 | M11: =I11-(H11+J11-K11)-L11 -> 0 | N11: =IF(M11="","",IF(M11=0,"Cuadrado",IF(M11>0,"Faltante","Sobrante"))) -> Cuadrado | O11: Cajero cuadrado, sin observación por parte de la sucursal | P11: 14697128
A12: 61 | B12: 788 | C12: =VLOOKUP(B12,'Lista MF'!B:C,2,0) -> BELLTECH | D12: DIEBOLD | E12: 46084 | F12: 46083 | G12: 09:45:00 | H12: 149527500 | I12: 155897500 | J12: 16070000 | K12: 9900000 | M12: =I12-(H12+J12-K12)-L12 -> 200000 | N12: =IF(M12="","",IF(M12=0,"Cuadrado",IF(M12>0,"Faltante","Sobrante"))) -> Faltante | O12: REPITIERON ARQUEO | P12: 16497924
A13: 77 | B13: 5204 | C13: =VLOOKUP(B13,'Lista MF'!B:C,2,0) -> BELLTECH | D13: DIEBOLD | E13: 46084 | F13: 46080 | G13: 10:25:00 | H13: 125379500 | I13: 138577800 | J13: 31520000 | K13: 18321700 | M13: =I13-(H13+J13-K13)-L13 -> 0 | N13: =IF(M13="","",IF(M13=0,"Cuadrado",IF(M13>0,"Faltante","Sobrante"))) -> Cuadrado | O13: Cajero cuadrado, sin observación por parte de la sucursal | P13: 94493031
A14: 115 | B14: 5080 | C14: =VLOOKUP(B14,'Lista MF'!B:C,2,0) -> BELLTECH | D14: BELLTECH | E14: 46084 | F14: 46083 | G14: 09:20:00 | H14: 117021700 | I14: 127700600 | J14: 13120000 | K14: 2441000 | M14: =I14-(H14+J14-K14)-L14 -> -100 | N14: =IF(M14="","",IF(M14=0,"Cuadrado",IF(M14>0,"Faltante","Sobrante"))) -> Sobrante | O14: La diferencia es contabilizada por la Gerencia De Autoservicios y Efectivo de manera centralizada a la cuenta de sobrantes 279510020 el 03/03/2026 | P14: 42158306
A15: 185 | B15: 2208 | C15: =VLOOKUP(B15,'Lista MF'!B:C,2,0) -> DIEBOLD | D15: BELLTECH | E15: 46084 | F15: 46083 | G15: 10:16:00 | H15: 72642500 | I15: 81285500 | J15: 60000 | K15: 1765000 | L15: 8823300 | M15: =I15-(H15+J15-K15)-L15 -> 1524700 | N15: =IF(M15="","",IF(M15=0,"Cuadrado",IF(M15>0,"Faltante","Sobrante"))) -> Faltante | O15: REPITIERON ARQUEO | P15: 66784636
A16: 191 | B16: 5112 | C16: =VLOOKUP(B16,'Lista MF'!B:C,2,0) -> BELLTECH | D16: BELLTECH | E16: 46084 | F16: 46081 | G16: 09:41:00 | H16: 293735350 | I16: 293735350 | J16: 0 | K16: 0 | M16: =I16-(H16+J16-K16)-L16 -> 0 | N16: =IF(M16="","",IF(M16=0,"Cuadrado",IF(M16>0,"Faltante","Sobrante"))) -> Cuadrado | O16: Cajero cuadrado, sin observación por parte de la sucursal | P16: 80812756
A17: 221 | B17: 5221 | C17: =VLOOKUP(B17,'Lista MF'!B:C,2,0) -> BELLTECH | D17: BELLTECH | E17: 46084 | F17: 46081 | G17: 11:48:00 | H17: 110352600 | I17: 174772600 | J17: 64420000 | K17: 0 | M17: =I17-(H17+J17-K17)-L17 -> 0 | N17: =IF(M17="","",IF(M17=0,"Cuadrado",IF(M17>0,"Faltante","Sobrante"))) -> Cuadrado | O17: Cajero cuadrado, sin observación por parte de la sucursal | P17: 52833254
A18: 231 | B18: 6243 | C18: =VLOOKUP(B18,'Lista MF'!B:C,2,0) -> BELLTECH | D18: BELLTECH | E18: 46084 | F18: 46083 | G18: 09:06:00 | H18: 140183150 | I18: 138868150 | J18: 0 | K18: 0 | M18: =I18-(H18+J18-K18)-L18 -> -1315000 | N18: =IF(M18="","",IF(M18=0,"Cuadrado",IF(M18>0,"Faltante","Sobrante"))) -> Sobrante | O18: La diferencia es contabilizada por la Gerencia De Autoservicios y Efectivo de manera centralizada a la cuenta de sobrantes 279510020 el 03/03/2026 | P18: 52979634
A19: 236 | B19: 8497 | C19: =VLOOKUP(B19,'Lista MF'!B:C,2,0) -> BELLTECH | D19: BELLTECH | E19: 46084 | F19: 46083 | G19: 11:23:00 | H19: 91447850 | I19: 328503750 | J19: 25800000 | K19: 67128000 | L19: 281748000 | M19: =I19-(H19+J19-K19)-L19 -> -3364100 | N19: =IF(M19="","",IF(M19=0,"Cuadrado",IF(M19>0,"Faltante","Sobrante"))) -> Sobrante | O19: La diferencia es contabilizada por la Gerencia De Autoservicios y Efectivo de manera centralizada a la cuenta de sobrantes 279510020 el 03/03/2026 | P19: 71369714
A20: 261 | B20: 5048 | C20: =VLOOKUP(B20,'Lista MF'!B:C,2,0) -> BELLTECH | D20: BELLTECH | E20: 46084 | F20: 46083 | G20: 10:53:00 | H20: 289683850 | I20: 234003350 | J20: 12930000 | K20: 54614950 | M20: =I20-(H20+J20-K20)-L20 -> -13995550 | N20: =IF(M20="","",IF(M20=0,"Cuadrado",IF(M20>0,"Faltante","Sobrante"))) -> Sobrante | O20: REPITIERON ARQUEO | P20: 34327627
A21: 262 | B21: 5153 | C21: =VLOOKUP(B21,'Lista MF'!B:C,2,0) -> BELLTECH | D21: BELLTECH | E21: 46084 | F21: 46083 | G21: 10:04:00 | H21: 41691750 | I21: 75511750 | J21: 35520000 | K21: 1700000 | M21: =I21-(H21+J21-K21)-L21 -> 0 | N21: =IF(M21="","",IF(M21=0,"Cuadrado",IF(M21>0,"Faltante","Sobrante"))) -> Cuadrado | O21: Cajero cuadrado, sin observación por parte de la sucursal | P21: 1052378530
A22: 264 | B22: 9906 | C22: =VLOOKUP(B22,'Lista MF'!B:C,2,0) -> BELLTECH | D22: BELLTECH | E22: 46084 | F22: 46083 | G22: 10:18:00 | H22: 61182800 | I22: 63445750 | J22: 23250000 | K22: 20837000 | M22: =I22-(H22+J22-K22)-L22 -> -150050 | N22: =IF(M22="","",IF(M22=0,"Cuadrado",IF(M22>0,"Faltante","Sobrante"))) -> Sobrante | O22: La diferencia es contabilizada por la Gerencia De Autoservicios y Efectivo de manera centralizada a la cuenta de sobrantes 279510020 el 03/03/2026 | P22: 1069722520
A23: 291 | B23: 5114 | C23: =VLOOKUP(B23,'Lista MF'!B:C,2,0) -> BELLTECH | D23: BELLTECH | E23: 46084 | F23: 46080 | G23: 10:44:00 | H23: 129953250 | I23: 145821250 | J23: 29550000 | K23: 13682000 | M23: =I23-(H23+J23-K23)-L23 -> 0 | N23: =IF(M23="","",IF(M23=0,"Cuadrado",IF(M23>0,"Faltante","Sobrante"))) -> Cuadrado | O23: Cajero cuadrado, sin observación por parte de la sucursal | P23: 1095930956
A24: 291 | B24: 5114 | C24: =VLOOKUP(B24,'Lista MF'!B:C,2,0) -> BELLTECH | D24: BELLTECH | E24: 46084 | F24: 46083 | G24: 09:32:00 | H24: 201253250 | I24: 207333250 | J24: 17450000 | K24: 11190000 | M24: =I24-(H24+J24-K24)-L24 -> -180000 | N24: =IF(M24="","",IF(M24=0,"Cuadrado",IF(M24>0,"Faltante","Sobrante"))) -> Sobrante | O24: La diferencia es contabilizada por la Gerencia De Autoservicios y Efectivo de manera centralizada a la cuenta de sobrantes 279510020 el 03/03/2026 | P24: 1095930956
A25: 318 | B25: 5136 | C25: =VLOOKUP(B25,'Lista MF'!B:C,2,0) -> BELLTECH | D25: DIEBOLD | E25: 46084 | F25: 46083 | G25: 08:41:00 | H25: 107378550 | I25: 98473550 | J25: 2870000 | K25: 11300000 | M25: =I25-(H25+J25-K25)-L25 -> -475000 | N25: =IF(M25="","",IF(M25=0,"Cuadrado",IF(M25>0,"Faltante","Sobrante"))) -> Sobrante | O25: La diferencia es contabilizada por la Gerencia De Autoservicios y Efectivo de manera centralizada a la cuenta de sobrantes 279510020 el 03/03/2026 | P25: 1065862494
A26: 318 | B26: 7680 | C26: =VLOOKUP(B26,'Lista MF'!B:C,2,0) -> BELLTECH | D26: BELLTECH | E26: 46084 | F26: 46083 | G26: 09:05:00 | H26: 77044000 | I26: 69364000 | J26: 450000 | K26: 6400000 | M26: =I26-(H26+J26-K26)-L26 -> -1730000 | N26: =IF(M26="","",IF(M26=0,"Cuadrado",IF(M26>0,"Faltante","Sobrante"))) -> Sobrante | O26: La diferencia es contabilizada por la Gerencia De Autoservicios y Efectivo de manera centralizada a la cuenta de sobrantes 279510020 el 03/03/2026 | P26: 1065862494
A27: 322 | B27: 2444 | C27: =VLOOKUP(B27,'Lista MF'!B:C,2,0) -> BELLTECH | D27: BELLTECH | E27: 46084 | F27: 46083 | G27: 09:03:00 | H27: 239919900 | I27: 257059900 | J27: 0 | K27: 0 | M27: =I27-(H27+J27-K27)-L27 -> 17140000 | N27: =IF(M27="","",IF(M27=0,"Cuadrado",IF(M27>0,"Faltante","Sobrante"))) -> Faltante | O27: REPITIERON ARQUEO | P27: 1101320155
A28: 332 | B28: 7569 | C28: =VLOOKUP(B28,'Lista MF'!B:C,2,0) -> BELLTECH | D28: BELLTECH | E28: 46084 | F28: 46083 | G28: 09:35:00 | H28: 15708350 | I28: 216513950 | J28: 0 | K28: 7804400 | L28: 111822000 | M28: =I28-(H28+J28-K28)-L28 -> 96788000 | N28: =IF(M28="","",IF(M28=0,"Cuadrado",IF(M28>0,"Faltante","Sobrante"))) -> Faltante | O28: REPITIERON ARQUEO | P28: 80541675
A29: 348 | B29: 6724 | C29: =VLOOKUP(B29,'Lista MF'!B:C,2,0) -> DIEBOLD | D29: BELLTECH | E29: 46084 | F29: 46083 | G29: 15:25:00 | H29: 65431400 | I29: 105169800 | J29: 21090000 | K29: 82702000 | L29: 105446000 | M29: =I29-(H29+J29-K29)-L29 -> -4095600 | N29: =IF(M29="","",IF(M29=0,"Cuadrado",IF(M29>0,"Faltante","Sobrante"))) -> Sobrante | O29: La diferencia es contabilizada por la Gerencia De Autoservicios y Efectivo de manera centralizada a la cuenta de sobrantes 279510020 el 03/03/2026 | P29: 1123633014
A30: 383 | B30: 5194 | C30: =VLOOKUP(B30,'Lista MF'!B:C,2,0) -> BELLTECH | D30: BELLTECH | E30: 46084 | F30: 46083 | G30: 12:28:41 | H30: 76097750 | I30: 197826150 | J30: 30200000 | K30: 24594000 | M30: =I30-(H30+J30-K30)-L30 -> 116122400 | N30: =IF(M30="","",IF(M30=0,"Cuadrado",IF(M30>0,"Faltante","Sobrante"))) -> Faltante | O30: La diferencia es contabilizada por la Gerencia De Autoservicios y Efectivo de manera centralizada a la cuenta de faltantes 168710093 el 03/03/2026, esta diferencia ingresa a proceso de investigación en el área para identificar a que corresponde. | P30: 1073160492
A31: 395 | B31: 1529 | C31: =VLOOKUP(B31,'Lista MF'!B:C,2,0) -> BELLTECH | D31: BELLTECH | E31: 46084 | F31: 46083 | G31: 09:42:00 | H31: 352278500 | I31: 350070350 | J31: 7850000 | K31: 0 | M31: =I31-(H31+J31-K31)-L31 -> -10058150 | N31: =IF(M31="","",IF(M31=0,"Cuadrado",IF(M31>0,"Faltante","Sobrante"))) -> Sobrante | O31: La diferencia es contabilizada por la Gerencia De Autoservicios y Efectivo de manera centralizada a la cuenta de sobrantes 279510020 el 03/03/2026 | P31: 1121857901
A32: 453 | B32: 8018 | C32: =VLOOKUP(B32,'Lista MF'!B:C,2,0) -> BELLTECH | D32: BELLTECH | E32: 46084 | F32: 46083 | G32: 09:26:00 | H32: 116554650 | I32: 83609650 | J32: 5880000 | K32: 24532000 | M32: =I32-(H32+J32-K32)-L32 -> -14293000 | N32: =IF(M32="","",IF(M32=0,"Cuadrado",IF(M32>0,"Faltante","Sobrante"))) -> Sobrante | O32: REPITIERON ARQUEO | P32: 1083897578
A33: 455 | B33: 5206 | C33: =VLOOKUP(B33,'Lista MF'!B:C,2,0) -> BELLTECH | D33: BELLTECH | E33: 46084 | F33: 46083 | G33: 09:23:00 | H33: 369152000 | I33: 319262200 | J33: 6650000 | K33: 56539800 | M33: =I33-(H33+J33-K33)-L33 -> 0 | N33: =IF(M33="","",IF(M33=0,"Cuadrado",IF(M33>0,"Faltante","Sobrante"))) -> Cuadrado | O33: Cajero cuadrado, sin observación por parte de la sucursal | P33: 1083896352
A34: 457 | B34: 9004 | C34: =VLOOKUP(B34,'Lista MF'!B:C,2,0) -> BELLTECH | D34: DIEBOLD | E34: 46084 | F34: 46083 | G34: 10:43:00 | H34: 292223700 | I34: 232471100 | J34: 7900000 | K34: 59495000 | M34: =I34-(H34+J34-K34)-L34 -> -8157600 | N34: =IF(M34="","",IF(M34=0,"Cuadrado",IF(M34>0,"Faltante","Sobrante"))) -> Sobrante | O34: La diferencia es contabilizada por la Gerencia De Autoservicios y Efectivo de manera centralizada a la cuenta de sobrantes 279510020 el 03/03/2026 | P34: 33750644
A35: 523 | B35: 5082 | C35: =VLOOKUP(B35,'Lista MF'!B:C,2,0) -> BELLTECH | D35: BELLTECH | E35: 46084 | F35: 46083 | G35: 08:50:00 | H35: 199521050 | I35: 200075050 | J35: 1660000 | K35: 1100000 | M35: =I35-(H35+J35-K35)-L35 -> -6000 | N35: =IF(M35="","",IF(M35=0,"Cuadrado",IF(M35>0,"Faltante","Sobrante"))) -> Sobrante | O35: La diferencia es contabilizada por la Gerencia De Autoservicios y Efectivo de manera centralizada a la cuenta de sobrantes 279510020 el 03/03/2026 | P35: 1065609766
A36: 554 | B36: 8294 | C36: =VLOOKUP(B36,'Lista MF'!B:C,2,0) -> BELLTECH | D36: BELLTECH | E36: 46084 | F36: 46083 | G36: 10:34:00 | H36: 209347850 | I36: 219907850 | J36: 10560000 | K36: 0 | M36: =I36-(H36+J36-K36)-L36 -> 0 | N36: =IF(M36="","",IF(M36=0,"Cuadrado",IF(M36>0,"Faltante","Sobrante"))) -> Cuadrado | O36: Cajero cuadrado, sin observación por parte de la sucursal | P36: 1010130794
A37: 554 | B37: 8295 | C37: =VLOOKUP(B37,'Lista MF'!B:C,2,0) -> BELLTECH | D37: BELLTECH | E37: 46084 | F37: 46083 | G37: 15:45:00 | H37: 160173050 | I37: 135761900 | J37: 1000000 | K37: 16603000 | M37: =I37-(H37+J37-K37)-L37 -> -8808150 | N37: =IF(M37="","",IF(M37=0,"Cuadrado",IF(M37>0,"Faltante","Sobrante"))) -> Sobrante | O37: La diferencia es contabilizada por la Gerencia De Autoservicios y Efectivo de manera centralizada a la cuenta de sobrantes 279510020 el 03/03/2026 | P37: 1010130794
A38: 556 | B38: 8333 | C38: =VLOOKUP(B38,'Lista MF'!B:C,2,0) -> BELLTECH | D38: BELLTECH | E38: 46084 | F38: 46081 | G38: 08:55:00 | H38: 232437400 | I38: 252363900 | J38: 31530000 | K38: 11603500 | M38: =I38-(H38+J38-K38)-L38 -> 0 | N38: =IF(M38="","",IF(M38=0,"Cuadrado",IF(M38>0,"Faltante","Sobrante"))) -> Cuadrado | O38: Cajero cuadrado, sin observación por parte de la sucursal | P38: 39450196
A39: 613 | B39: 6713 | C39: =VLOOKUP(B39,'Lista MF'!B:C,2,0) -> DIEBOLD | D39: BELLTECH | E39: 46084 | F39: 46083 | G39: 09:43:00 | H39: 113270800 | I39: 110824100 | J39: 14050000 | K39: 16111300 | M39: =I39-(H39+J39-K39)-L39 -> -385400 | N39: =IF(M39="","",IF(M39=0,"Cuadrado",IF(M39>0,"Faltante","Sobrante"))) -> Sobrante | O39: La diferencia es contabilizada por la Gerencia De Autoservicios y Efectivo de manera centralizada a la cuenta de sobrantes 279510020 el 03/03/2026 | P39: 32106943
A40: 634 | B40: 5087 | C40: =VLOOKUP(B40,'Lista MF'!B:C,2,0) -> BELLTECH | D40: BELLTECH | E40: 46084 | F40: 46083 | G40: 09:04:00 | H40: 242530800 | I40: 254556300 | J40: 12040000 | K40: 0 | M40: =I40-(H40+J40-K40)-L40 -> -14500 | N40: =IF(M40="","",IF(M40=0,"Cuadrado",IF(M40>0,"Faltante","Sobrante"))) -> Sobrante | O40: La diferencia es contabilizada por la Gerencia De Autoservicios y Efectivo de manera centralizada a la cuenta de sobrantes 279510020 el 03/03/2026 | P40: 1032424944
A41: 651 | B41: 7318 | C41: =VLOOKUP(B41,'Lista MF'!B:C,2,0) -> DIEBOLD | D41: BELLTECH | E41: 46084 | F41: 46080 | G41: 11:29:00 | H41: 72889300 | I41: 101307300 | J41: 43670000 | K41: 15252000 | M41: =I41-(H41+J41-K41)-L41 -> 0 | N41: =IF(M41="","",IF(M41=0,"Cuadrado",IF(M41>0,"Faltante","Sobrante"))) -> Cuadrado | O41: Cajero cuadrado, sin observación por parte de la sucursal | P41: 70136398
... A43: 667 | B43: 5167 | C43: =VLOOKUP(B43,'Lista MF'!B:C,2,0) -> BELLTECH | D43: BELLTECH | E43: 46084 | F43: 46083 | G43: 08:38:00 | H43: 137263550 | I43: 137654200 | J43: 500000 | K43: 0 | M43: =I43-(H43+J43-K43)-L43 -> -109350 | N43: =IF(M43="","",IF(M43=0,"Cuadrado",IF(M43>0,"Faltante","Sobrante"))) -> Sobrante | O43: La diferencia es contabilizada por la Gerencia De Autoservicios y Efectivo de manera centralizada a la cuenta de sobrantes 279510020 el 03/03/2026 | P43: 79953058
A44: 682 | B44: 5049 | C44: =VLOOKUP(B44,'Lista MF'!B:C,2,0) -> BELLTECH | D44: BELLTECH | E44: 46084 | F44: 46083 | G44: 13:43:00 | H44: 207673400 | I44: 169164800 | J44: 40760000 | K44: 161877000 | L44: =102621000-20000000 -> 82621000 | M44: =I44-(H44+J44-K44)-L44 -> -12600 | N44: =IF(M44="","",IF(M44=0,"Cuadrado",IF(M44>0,"Faltante","Sobrante"))) -> Sobrante | O44: La diferencia es contabilizada por la Gerencia De Autoservicios y Efectivo de manera centralizada a la cuenta de sobrantes 279510020 el 03/03/2026 | P44: 1018447800
A45: 698 | B45: 5187 | C45: =VLOOKUP(B45,'Lista MF'!B:C,2,0) -> BELLTECH | D45: BELLTECH | E45: 46084 | F45: 46080 | G45: 13:02:00 | H45: 255606100 | I45: 232013900 | J45: 25720000 | K45: 49312200 | M45: =I45-(H45+J45-K45)-L45 -> 0 | N45: =IF(M45="","",IF(M45=0,"Cuadrado",IF(M45>0,"Faltante","Sobrante"))) -> Cuadrado | O45: Cajero cuadrado, sin observación por parte de la sucursal | P45: 1019065205
A46: 723 | B46: 5046 | C46: =VLOOKUP(B46,'Lista MF'!B:C,2,0) -> BELLTECH | D46: BELLTECH | E46: 46084 | F46: 46083 | G46: 09:56:00 | H46: 252009000 | I46: 273030000 | J46: 0 | K46: 0 | L46: =20060000+961000 -> 21021000 | M46: =I46-(H46+J46-K46)-L46 -> 0 | N46: =IF(M46="","",IF(M46=0,"Cuadrado",IF(M46>0,"Faltante","Sobrante"))) -> Cuadrado | O46: Cajero cuadrado, sin observación por parte de la sucursal | P46: 1088310723
A47: 725 | B47: 8090 | C47: =VLOOKUP(B47,'Lista MF'!B:C,2,0) -> BELLTECH | D47: BELLTECH | E47: 46084 | F47: 46080 | G47: 09:40:00 | H47: 75762300 | I47: 86092300 | J47: 10550000 | K47: 220000 | M47: =I47-(H47+J47-K47)-L47 -> 0 | N47: =IF(M47="","",IF(M47=0,"Cuadrado",IF(M47>0,"Faltante","Sobrante"))) -> Cuadrado | O47: Cajero cuadrado, sin observación por parte de la sucursal | P47: 1088032608
A48: 728 | B48: 8586 | C48: =VLOOKUP(B48,'Lista MF'!B:C,2,0) -> BELLTECH | D48: BELLTECH | E48: 46084 | F48: 46083 | G48: 09:29:00 | H48: 21395000 | I48: 57395000 | J48: 41600000 | K48: 2248500 | M48: =I48-(H48+J48-K48)-L48 -> -3351500 | N48: =IF(M48="","",IF(M48=0,"Cuadrado",IF(M48>0,"Faltante","Sobrante"))) -> Sobrante | O48: La diferencia es contabilizada por la Gerencia De Autoservicios y Efectivo de manera centralizada a la cuenta de sobrantes 279510020 el 03/03/2026 | P48: 1112783690
A49: 728 | B49: 8587 | C49: =VLOOKUP(B49,'Lista MF'!B:C,2,0) -> BELLTECH | D49: BELLTECH | E49: 46084 | F49: 46083 | G49: 09:17:00 | H49: 53145600 | I49: 43795600 | J49: 1350000 | K49: 10700000 | M49: =I49-(H49+J49-K49)-L49 -> 0 | N49: =IF(M49="","",IF(M49=0,"Cuadrado",IF(M49>0,"Faltante","Sobrante"))) -> Cuadrado | O49: Cajero cuadrado, sin observación por parte de la sucursal | P49: 1112783690
A50: 781 | B50: 5057 | C50: =VLOOKUP(B50,'Lista MF'!B:C,2,0) -> BELLTECH | D50: BELLTECH | E50: 46084 | F50: 46083 | G50: 10:23:00 | H50: 510283800 | I50: 488188150 | J50: 240000 | K50: 3169000 | M50: =I50-(H50+J50-K50)-L50 -> -19166650 | N50: =IF(M50="","",IF(M50=0,"Cuadrado",IF(M50>0,"Faltante","Sobrante"))) -> Sobrante | O50: REPITIERON ARQUEO | P50: 1082848167
A51: 796 | B51: 6911 | C51: =VLOOKUP(B51,'Lista MF'!B:C,2,0) -> BELLTECH | D51: BELLTECH | E51: 46084 | F51: 46083 | G51: 14:22:00 | H51: 225619500 | I51: 146645500 | J51: 51030000 | K51: 114049800 | M51: =I51-(H51+J51-K51)-L51 -> -15954200 | N51: =IF(M51="","",IF(M51=0,"Cuadrado",IF(M51>0,"Faltante","Sobrante"))) -> Sobrante | O51: REPITIERON ARQUEO | P51: 1095802301
A52: 849 | B52: 9724 | C52: =VLOOKUP(B52,'Lista MF'!B:C,2,0) -> BELLTECH | D52: BELLTECH | E52: 46084 | F52: 46083 | G52: 08:43:00 | H52: 179585400 | I52: 169885400 | J52: 0 | K52: 0 | M52: =I52-(H52+J52-K52)-L52 -> -9700000 | N52: =IF(M52="","",IF(M52=0,"Cuadrado",IF(M52>0,"Faltante","Sobrante"))) -> Sobrante | O52: La diferencia es contabilizada por la Gerencia De Autoservicios y Efectivo de manera centralizada a la cuenta de sobrantes 279510020 el 03/03/2026 | P52: 86063461
A53: 849 | B53: 9725 | C53: =VLOOKUP(B53,'Lista MF'!B:C,2,0) -> BELLTECH | D53: BELLTECH | E53: 46084 | F53: 46083 | G53: 08:43:00 | H53: 180547300 | I53: 214545300 | J53: 0 | K53: 0 | M53: =I53-(H53+J53-K53)-L53 -> 33998000 | N53: =IF(M53="","",IF(M53=0,"Cuadrado",IF(M53>0,"Faltante","Sobrante"))) -> Faltante | O53: La diferencia es contabilizada por la Gerencia De Autoservicios y Efectivo de manera centralizada a la cuenta de faltantes 168710093 el 03/03/2026, esta diferencia ingresa a proceso de investigación en el área para identificar a que corresponde. | P53: 86063461
A54: 852 | B54: 5050 | C54: =VLOOKUP(B54,'Lista MF'!B:C,2,0) -> BELLTECH | D54: BELLTECH | E54: 46084 | F54: 46083 | G54: 09:47:00 | H54: 266592150 | I54: 277422150 | J54: 17390000 | K54: 6560000 | M54: =I54-(H54+J54-K54)-L54 -> 0 | N54: =IF(M54="","",IF(M54=0,"Cuadrado",IF(M54>0,"Faltante","Sobrante"))) -> Cuadrado | O54: Cajero cuadrado, sin observación por parte de la sucursal | P54: 1088251245
A55: 866 | B55: 8662 | C55: =VLOOKUP(B55,'Lista MF'!B:C,2,0) -> BELLTECH | D55: BELLTECH | E55: 46084 | F55: 46083 | G55: 09:37:00 | H55: 63045450 | I55: 74845450 | J55: 11400000 | K55: 0 | M55: =I55-(H55+J55-K55)-L55 -> 400000 | N55: =IF(M55="","",IF(M55=0,"Cuadrado",IF(M55>0,"Faltante","Sobrante"))) -> Faltante | O55: REPITIERON ARQUEO | P55: 1113674245
A56: 876 | B56: 9682 | C56: =VLOOKUP(B56,'Lista MF'!B:C,2,0) -> BELLTECH | D56: BELLTECH | E56: 46084 | F56: 46083 | G56: 15:49:00 | H56: 504195450 | I56: 382634450 | J56: 7520000 | K56: 131620000 | L56: 2539000 | M56: =I56-(H56+J56-K56)-L56 -> 0 | N56: =IF(M56="","",IF(M56=0,"Cuadrado",IF(M56>0,"Faltante","Sobrante"))) -> Cuadrado | O56: El faltante $2.539.000 es cruzado con sobrante contabilizado el día 06/02/2026 el cual es reversado por la seccion el día 03/03/2026 | P56: 1002032451
A57: 888 | B57: 6818 | C57: =VLOOKUP(B57,'Lista MF'!B:C,2,0) -> BELLTECH | D57: BELLTECH | E57: 46084 | F57: 46083 | G57: 11:09:00 | H57: 125980200 | I57: 123180200 | J57: 0 | K57: 0 | M57: =I57-(H57+J57-K57)-L57 -> -2800000 | N57: =IF(M57="","",IF(M57=0,"Cuadrado",IF(M57>0,"Faltante","Sobrante"))) -> Sobrante | O57: La diferencia es contabilizada por la Gerencia De Autoservicios y Efectivo de manera centralizada a la cuenta de sobrantes 279510020 el 03/03/2026 | P57: 1085921765
A58: 907 | B58: 4830 | C58: =VLOOKUP(B58,'Lista MF'!B:C,2,0) -> BELLTECH | D58: BELLTECH | E58: 46084 | F58: 46083 | G58: 09:43:00 | H58: 260035950 | I58: 259735950 | J58: 0 | K58: 0 | M58: =I58-(H58+J58-K58)-L58 -> -300000 | N58: =IF(M58="","",IF(M58=0,"Cuadrado",IF(M58>0,"Faltante","Sobrante"))) -> Sobrante | O58: La diferencia es contabilizada por la Gerencia De Autoservicios y Efectivo de manera centralizada a la cuenta de sobrantes 279510020 el 03/03/2026 | P58: 71339401
A59: 907 | B59: 5019 | C59: =VLOOKUP(B59,'Lista MF'!B:C,2,0) -> BELLTECH | D59: BELLTECH | E59: 46084 | F59: 46083 | G59: 09:08:00 | H59: 259784700 | I59: 274754700 | J59: 15000000 | K59: 0 | M59: =I59-(H59+J59-K59)-L59 -> -30000 | N59: =IF(M59="","",IF(M59=0,"Cuadrado",IF(M59>0,"Faltante","Sobrante"))) -> Sobrante | O59: La diferencia es contabilizada por la Gerencia De Autoservicios y Efectivo de manera centralizada a la cuenta de sobrantes 279510020 el 03/03/2026 | P59: 71339401
A60: 946 | B60: 5225 | C60: =VLOOKUP(B60,'Lista MF'!B:C,2,0) -> BELLTECH | D60: BELLTECH | E60: 46084 | F60: 46080 | G60: 15:31:00 | H60: 203942750 | I60: 246926750 | J60: 47380000 | K60: 4396000 | M60: =I60-(H60+J60-K60)-L60 -> 0 | N60: =IF(M60="","",IF(M60=0,"Cuadrado",IF(M60>0,"Faltante","Sobrante"))) -> Cuadrado | O60: Cajero cuadrado, sin observación por parte de la sucursal | P60: 20500181
A61: 1 | B61: 5000 | C61: =VLOOKUP(B61,'Lista MF'!B:C,2,0) -> BELLTECH | D61: BELLTECH | E61: 46085 | F61: 46084 | G61: 15:25:00 | H61: 196112400 | I61: 246926400 | J61: 75910000 | K61: 24702000 | M61: =I61-(H61+J61-K61)-L61 -> -394000 | N61: =IF(M61="","",IF(M61=0,"Cuadrado",IF(M61>0,"Faltante","Sobrante"))) -> Sobrante | O61: La diferencia es contabilizada por la Gerencia De Autoservicios y Efectivo de manera centralizada a la cuenta de sobrantes 279510020 el 04/03/2026 | P61: 1017128064
A62: 93 | B62: 7126 | C62: =VLOOKUP(B62,'Lista MF'!B:C,2,0) -> BELLTECH | D62: BELLTECH | E62: 46085 | F62: 46084 | G62: 15:40:00 | H62: 141650850 | I62: 150308850 | J62: 19680000 | K62: 11022000 | M62: =I62-(H62+J62-K62)-L62 -> 0 | N62: =IF(M62="","",IF(M62=0,"Cuadrado",IF(M62>0,"Faltante","Sobrante"))) -> Cuadrado | O62: Cajero cuadrado, sin observación por parte de la sucursal | P62: 1067931735
A63: 166 | B63: 7940 | C63: =VLOOKUP(B63,'Lista MF'!B:C,2,0) -> BELLTECH | D63: DIEBOLD | E63: 46085 | F63: 46084 | G63: 14:51:00 | H63: 337097000 | I63: 204376600 | J63: 40230000 | K63: 169096500 | M63: =I63-(H63+J63-K63)-L63 -> -3853900 | N63: =IF(M63="","",IF(M63=0,"Cuadrado",IF(M63>0,"Faltante","Sobrante"))) -> Sobrante | O63: La diferencia es contabilizada por la Gerencia De Autoservicios y Efectivo de manera centralizada a la cuenta de sobrantes 279510020 el 04/03/2026 | P63: 50938822
A64: 185 | B64: 2208 | C64: =VLOOKUP(B64,'Lista MF'!B:C,2,0) -> DIEBOLD | D64: BELLTECH | E64: 46085 | F64: 46084 | G64: 11:03:00 | H64: 45108500 | I64: 44373200 | J64: 2850000 | K64: 5110000 | M64: =I64-(H64+J64-K64)-L64 -> 1524700 | N64: =IF(M64="","",IF(M64=0,"Cuadrado",IF(M64>0,"Faltante","Sobrante"))) -> Faltante | O64: La diferencia es contabilizada por la Gerencia De Autoservicios y Efectivo de manera centralizada a la cuenta de faltantes 168710093 el 04/03/2026, esta diferencia ingresa a proceso de investigación en el área para identificar a que corresponde. | P64: 66784636
A65: 233 | B65: 7212 | C65: =VLOOKUP(B65,'Lista MF'!B:C,2,0) -> BELLTECH | D65: DIEBOLD | E65: 46085 | F65: 46084 | G65: 09:14:00 | H65: 233874400 | I65: 238254400 | J65: 2100000 | K65: 220000 | M65: =I65-(H65+J65-K65)-L65 -> 2500000 | N65: =IF(M65="","",IF(M65=0,"Cuadrado",IF(M65>0,"Faltante","Sobrante"))) -> Faltante | O65: REPITIERON ARQUEO | P65: 80271480
A66: 291 | B66: 8139 | C66: =VLOOKUP(B66,'Lista MF'!B:C,2,0) -> DIEBOLD | D66: BELLTECH | E66: 46085 | F66: 46084 | G66: 09:16:00 | H66: 98387300 | I66: 111026600 | J66: 16070000 | K66: 3450000 | L66: 19300 | M66: =I66-(H66+J66-K66)-L66 -> 0 | N66: =IF(M66="","",IF(M66=0,"Cuadrado",IF(M66>0,"Faltante","Sobrante"))) -> Cuadrado | O66: El faltante de $19.300 es cruzado con sobrante contabilizado el día 23/02/2026 el cual es reversado por la seccion el día 04/03/2026 | P66: 1095930956
A67: 331 | B67: 574 | C67: =VLOOKUP(B67,'Lista MF'!B:C,2,0) -> BELLTECH | D67: BELLTECH | E67: 46085 | F67: 46084 | G67: 14:47:00 | H67: 110266600 | I67: 419768750 | J67: 27370000 | K67: 175978850 | L67: =-11180000+277816000 -> 266636000 | M67: =I67-(H67+J67-K67)-L67 -> 191475000 | N67: =IF(M67="","",IF(M67=0,"Cuadrado",IF(M67>0,"Faltante","Sobrante"))) -> Faltante | O67: REPITIERON ARQUEO | P67: 32244978
A68: 392 | B68: 5064 | C68: =VLOOKUP(B68,'Lista MF'!B:C,2,0) -> BELLTECH | D68: BELLTECH | E68: 46085 | F68: 46084 | G68: 11:47:00 | H68: 156577650 | I68: 158719650 | J68: 45650000 | K68: 44635000 | L68: 1127000 | M68: =I68-(H68+J68-K68)-L68 -> 0 | N68: =IF(M68="","",IF(M68=0,"Cuadrado",IF(M68>0,"Faltante","Sobrante"))) -> Cuadrado | O68: El faltante de $1.127.000 es cruzado con sobrante contabilizado el día 17/02/2026 el cual es reversado por la seccion el día 04/03/2026 | P68: 1054547012
A69: 430 | B69: 5104 | C69: =VLOOKUP(B69,'Lista MF'!B:C,2,0) -> BELLTECH | D69: BELLTECH | E69: 46085 | F69: 46084 | G69: 10:17:00 | H69: 336412000 | I69: 303428650 | J69: 15920000 | K69: 49488000 | M69: =I69-(H69+J69-K69)-L69 -> 584650 | N69: =IF(M69="","",IF(M69=0,"Cuadrado",IF(M69>0,"Faltante","Sobrante"))) -> Faltante | O69: REPITIERON ARQUEO | P69: 1035234232
A70: 453 | B70: 8018 | C70: =VLOOKUP(B70,'Lista MF'!B:C,2,0) -> BELLTECH | D70: BELLTECH | E70: 46085 | F70: 46084 | G70: 09:00:00 | H70: 317539300 | I70: 276186300 | J70: 4780000 | K70: 18220000 | M70: =I70-(H70+J70-K70)-L70 -> -27913000 | N70: =IF(M70="","",IF(M70=0,"Cuadrado",IF(M70>0,"Faltante","Sobrante"))) -> Sobrante | O70: La diferencia es contabilizada por la Gerencia De Autoservicios y Efectivo de manera centralizada a la cuenta de sobrantes 279510020 el 04/03/2026 | P70: 1083897578
A71: 453 | B71: 8019 | C71: =VLOOKUP(B71,'Lista MF'!B:C,2,0) -> BELLTECH | D71: BELLTECH | E71: 46085 | F71: 46084 | G71: 08:06:00 | H71: 290564100 | I71: 260374100 | J71: 7170000 | K71: 34750000 | M71: =I71-(H71+J71-K71)-L71 -> -2610000 | N71: =IF(M71="","",IF(M71=0,"Cuadrado",IF(M71>0,"Faltante","Sobrante"))) -> Sobrante | O71: La diferencia es contabilizada por la Gerencia De Autoservicios y Efectivo de manera centralizada a la cuenta de sobrantes 279510020 el 04/03/2026 | P71: 1083897578
A72: 509 | B72: 8835 | C72: =VLOOKUP(B72,'Lista MF'!B:C,2,0) -> BELLTECH | D72: BELLTECH | E72: 46085 | F72: 46084 | G72: 09:58:00 | H72: 289365350 | I72: 230723250 | J72: 4280000 | K72: 64171700 | M72: =I72-(H72+J72-K72)-L72 -> 1249600 | N72: =IF(M72="","",IF(M72=0,"Cuadrado",IF(M72>0,"Faltante","Sobrante"))) -> Faltante | O72: La diferencia es contabilizada por la Gerencia De Autoservicios y Efectivo de manera centralizada a la cuenta de faltantes 168710093 el 04/03/2026, esta diferencia ingresa a proceso de investigación en el área para identificar a que corresponde. | P72: 1143370364
A73: 524 | B73: 6336 | C73: =VLOOKUP(B73,'Lista MF'!B:C,2,0) -> BELLTECH | D73: BELLTECH | E73: 46085 | F73: 46084 | G73: 08:49:00 | H73: 260115300 | I73: 260773100 | J73: 660000 | K73: 0 | M73: =I73-(H73+J73-K73)-L73 -> -2200 | N73: =IF(M73="","",IF(M73=0,"Cuadrado",IF(M73>0,"Faltante","Sobrante"))) -> Sobrante | O73: La diferencia es contabilizada por la Gerencia De Autoservicios y Efectivo de manera centralizada a la cuenta de sobrantes 279510020 el 04/03/2026 | P73: 1004211532
A74: 551 | B74: 9644 | C74: =VLOOKUP(B74,'Lista MF'!B:C,2,0) -> BELLTECH | D74: BELLTECH | E74: 46085 | F74: 46084 | G74: 15:57:29 | H74: 389260600 | I74: 295698550 | J74: 54650000 | K74: 133333050 | M74: =I74-(H74+J74-K74)-L74 -> -14879000 | N74: =IF(M74="","",IF(M74=0,"Cuadrado",IF(M74>0,"Faltante","Sobrante"))) -> Sobrante | O74: REPITIERON ARQUEO | P74: 1152213498
A75: 571 | B75: 6150 | C75: =VLOOKUP(B75,'Lista MF'!B:C,2,0) -> BELLTECH | D75: BELLTECH | E75: 46085 | F75: 46084 | G75: 15:37:00 | H75: 81955300 | I75: 67953850 | J75: 61680000 | K75: 75648900 | M75: =I75-(H75+J75-K75)-L75 -> -32550 | N75: =IF(M75="","",IF(M75=0,"Cuadrado",IF(M75>0,"Faltante","Sobrante"))) -> Sobrante | O75: La diferencia es contabilizada por la Gerencia De Autoservicios y Efectivo de manera centralizada a la cuenta de sobrantes 279510020 el 04/03/2026 | P75: 1019116828
A76: 623 | B76: 5047 | C76: =VLOOKUP(B76,'Lista MF'!B:C,2,0) -> BELLTECH | D76: BELLTECH | E76: 46085 | F76: 46084 | G76: 10:54:00 | H76: 212035800 | I76: 221845800 | J76: 10260000 | K76: 0 | M76: =I76-(H76+J76-K76)-L76 -> -450000 | N76: =IF(M76="","",IF(M76=0,"Cuadrado",IF(M76>0,"Faltante","Sobrante"))) -> Sobrante | O76: La diferencia es contabilizada por la Gerencia De Autoservicios y Efectivo de manera centralizada a la cuenta de sobrantes 279510020 el 04/03/2026 | P76: 1060651791
A77: 674 | B77: 5200 | C77: =VLOOKUP(B77,'Lista MF'!B:C,2,0) -> BELLTECH | D77: BELLTECH | E77: 46085 | F77: 46084 | G77: 08:34:00 | H77: 71893250 | I77: 28043300 | J77: 19150000 | K77: 0 | L77: =-63000000+50 -> -62999950 | M77: =I77-(H77+J77-K77)-L77 -> 0 | N77: =IF(M77="","",IF(M77=0,"Cuadrado",IF(M77>0,"Faltante","Sobrante"))) -> Cuadrado | O77: El faltante de $50 es cruzado con sobrante contabilizado el día 27/02/2026 el cual es reversado por la seccion el día 04/03/2026 | P77: 79813088
A78: 678 | B78: 5227 | C78: =VLOOKUP(B78,'Lista MF'!B:C,2,0) -> BELLTECH | D78: BELLTECH | E78: 46085 | F78: 46084 | G78: 14:26:00 | H78: 79082350 | I78: 86475000 | J78: 34900000 | K78: 22427350 | M78: =I78-(H78+J78-K78)-L78 -> -5080000 | N78: =IF(M78="","",IF(M78=0,"Cuadrado",IF(M78>0,"Faltante","Sobrante"))) -> Sobrante | O78: La diferencia es contabilizada por la Gerencia De Autoservicios y Efectivo de manera centralizada a la cuenta de sobrantes 279510020 el 04/03/2026 | P78: 1102586250
A79: 692 | B79: 1515 | C79: =VLOOKUP(B79,'Lista MF'!B:C,2,0) -> BELLTECH | D79: BELLTECH | E79: 46085 | F79: 46084 | G79: 15:37:00 | H79: 327365550 | I79: 200057550 | J79: 33500000 | K79: 158964850 | M79: =I79-(H79+J79-K79)-L79 -> -1843150 | N79: =IF(M79="","",IF(M79=0,"Cuadrado",IF(M79>0,"Faltante","Sobrante"))) -> Sobrante | O79: La diferencia es contabilizada por la Gerencia De Autoservicios y Efectivo de manera centralizada a la cuenta de sobrantes 279510020 el 04/03/2026 | P79: 30840635
A80: 728 | B80: 8586 | C80: =VLOOKUP(B80,'Lista MF'!B:C,2,0) -> BELLTECH | D80: BELLTECH | E80: 46085 | F80: 46084 | G80: 11:20:00 | H80: 124069800 | I80: 43355300 | J80: 24450000 | K80: 103924000 | L80: =-3351500+2111000 -> -1240500 | M80: =I80-(H80+J80-K80)-L80 -> 0 | N80: =IF(M80="","",IF(M80=0,"Cuadrado",IF(M80>0,"Faltante","Sobrante"))) -> Cuadrado | O80: Cajero cuadrado, sin observación por parte de la sucursal | P80: 1112783690
A81: 728 | B81: 8587 | C81: =VLOOKUP(B81,'Lista MF'!B:C,2,0) -> BELLTECH | D81: BELLTECH | E81: 46085 | F81: 46084 | G81: 11:36:00 | H81: 117107850 | I81: 87763850 | J81: 4320000 | K81: 33684000 | L81: 20000 | M81: =I81-(H81+J81-K81)-L81 -> 0 | N81: =IF(M81="","",IF(M81=0,"Cuadrado",IF(M81>0,"Faltante","Sobrante"))) -> Cuadrado | O81: Cajero cuadrado, sin observación por parte de la sucursal | P81: 1112783690
A82: 741 | B82: 6843 | C82: =VLOOKUP(B82,'Lista MF'!B:C,2,0) -> DIEBOLD | D82: BELLTECH | E82: 46085 | F82: 46084 | G82: 14:49:00 | H82: 159080350 | I82: 187116200 | J82: 47230000 | K82: 58009000 | M82: =I82-(H82+J82-K82)-L82 -> 38814850 | N82: =IF(M82="","",IF(M82=0,"Cuadrado",IF(M82>0,"Faltante","Sobrante"))) -> Faltante | O82: REPITIERON ARQUEO | P82: 1130637714
A83: 779 | B83: 5013 | C83: =VLOOKUP(B83,'Lista MF'!B:C,2,0) -> BELLTECH | D83: BELLTECH | E83: 46085 | F83: 46084 | G83: 10:54:00 | H83: 44427800 | I83: 208299800 | J83: 9000000 | K83: 51762000 | L83: 216761000 | M83: =I83-(H83+J83-K83)-L83 -> -10127000 | N83: =IF(M83="","",IF(M83=0,"Cuadrado",IF(M83>0,"Faltante","Sobrante"))) -> Sobrante | O83: La diferencia es contabilizada por la Gerencia De Autoservicios y Efectivo de manera centralizada a la cuenta de sobrantes 279510020 el 04/03/2026 | P83: 1082858126
A84: 779 | B84: 8685 | C84: =VLOOKUP(B84,'Lista MF'!B:C,2,0) -> BELLTECH | D84: BELLTECH | E84: 46085 | F84: 46084 | G84: 10:39:00 | H84: 72923450 | I84: 62434550 | J84: 6450000 | K84: 12427000 | M84: =I84-(H84+J84-K84)-L84 -> -4511900 | N84: =IF(M84="","",IF(M84=0,"Cuadrado",IF(M84>0,"Faltante","Sobrante"))) -> Sobrante | O84: La diferencia es contabilizada por la Gerencia De Autoservicios y Efectivo de manera centralizada a la cuenta de sobrantes 279510020 el 04/03/2026 | P84: 1082858126
A85: 795 | B85: 1027 | C85: =VLOOKUP(B85,'Lista MF'!B:C,2,0) -> BELLTECH | D85: BELLTECH | E85: 46085 | F85: 46084 | G85: 09:09:00 | H85: 213479350 | I85: 211855750 | J85: 5580000 | K85: 6230000 | M85: =I85-(H85+J85-K85)-L85 -> -973600 | N85: =IF(M85="","",IF(M85=0,"Cuadrado",IF(M85>0,"Faltante","Sobrante"))) -> Sobrante | O85: La diferencia es contabilizada por la Gerencia De Autoservicios y Efectivo de manera centralizada a la cuenta de sobrantes 279510020 el 04/03/2026 | P85: 91274094
A86: 849 | B86: 9725 | C86: =VLOOKUP(B86,'Lista MF'!B:C,2,0) -> BELLTECH | D86: BELLTECH | E86: 46085 | F86: 46084 | G86: 16:33:00 | H86: 236004250 | I86: 371192950 | J86: 52030000 | K86: 258989300 | L86: =308276000+33998000 -> 342274000 | M86: =I86-(H86+J86-K86)-L86 -> -126000 | N86: =IF(M86="","",IF(M86=0,"Cuadrado",IF(M86>0,"Faltante","Sobrante"))) -> Sobrante | O86: La diferencia es contabilizada por la Gerencia De Autoservicios y Efectivo de manera centralizada a la cuenta de sobrantes 279510020 el 04/03/2026 | P86: 86063461
A87: 882 | B87: 5020 | C87: =VLOOKUP(B87,'Lista MF'!B:C,2,0) -> BELLTECH | D87: DIEBOLD | E87: 46085 | F87: 46084 | G87: 10:59:00 | H87: 188154500 | I87: 138132800 | J87: 23370000 | K87: 75053700 | M87: =I87-(H87+J87-K87)-L87 -> 1662000 | N87: =IF(M87="","",IF(M87=0,"Cuadrado",IF(M87>0,"Faltante","Sobrante"))) -> Faltante | O87: La diferencia es contabilizada por la Gerencia De Autoservicios y Efectivo de manera centralizada a la cuenta de faltantes 168710093 el 04/03/2026, esta diferencia ingresa a proceso de investigación en el área para identificar a que corresponde. | P87: 33369487
A88: 927 | B88: 5143 | C88: =VLOOKUP(B88,'Lista MF'!B:C,2,0) -> BELLTECH | D88: BELLTECH | E88: 46085 | F88: 46084 | G88: 14:44:00 | H88: 235905950 | I88: 118917350 | J88: 53080000 | K88: 160828000 | M88: =I88-(H88+J88-K88)-L88 -> -9240600 | N88: =IF(M88="","",IF(M88=0,"Cuadrado",IF(M88>0,"Faltante","Sobrante"))) -> Sobrante | O88: La diferencia es contabilizada por la Gerencia De Autoservicios y Efectivo de manera centralizada a la cuenta de sobrantes 279510020 el 04/03/2026 | P88: 1124849676
A89: 937 | B89: 5115 | C89: =VLOOKUP(B89,'Lista MF'!B:C,2,0) -> BELLTECH | D89: DIEBOLD | E89: 46085 | F89: 46084 | G89: 08:22:00 | H89: 108987600 | I89: 109516500 | J89: 2310000 | K89: 1750000 | M89: =I89-(H89+J89-K89)-L89 -> -31100 | N89: =IF(M89="","",IF(M89=0,"Cuadrado",IF(M89>0,"Faltante","Sobrante"))) -> Sobrante | O89: La diferencia es contabilizada por la Gerencia De Autoservicios y Efectivo de manera centralizada a la cuenta de sobrantes 279510020 el 04/03/2026 | P89: 1061702364
A90: 941 | B90: 5220 | C90: =VLOOKUP(B90,'Lista MF'!B:C,2,0) -> BELLTECH | D90: BELLTECH | E90: 46085 | F90: 46084 | G90: 16:44:00 | H90: 175224750 | I90: 202854800 | J90: 15720000 | K90: 283115900 | L90: =199415000+95494000 -> 294909000 | M90: =I90-(H90+J90-K90)-L90 -> 116950 | N90: =IF(M90="","",IF(M90=0,"Cuadrado",IF(M90>0,"Faltante","Sobrante"))) -> Faltante | O90: REPITIERON ARQUEO | P90: 1075228904
A91: 946 | B91: 5225 | C91: =VLOOKUP(B91,'Lista MF'!B:C,2,0) -> BELLTECH | D91: BELLTECH | E91: 46085 | F91: 46084 | G91: 10:48:00 | H91: 279513950 | I91: 285863950 | J91: 10920000 | K91: 4570000 | M91: =I91-(H91+J91-K91)-L91 -> 0 | N91: =IF(M91="","",IF(M91=0,"Cuadrado",IF(M91>0,"Faltante","Sobrante"))) -> Cuadrado | O91: Cajero cuadrado, sin observación por parte de la sucursal | P91: 20500181
A92: 33 | B92: 8861 | C92: =VLOOKUP(B92,'Lista MF'!B:C,2,0) -> BELLTECH | D92: BELLTECH | E92: 46086 | F92: 46085 | G92: 09:26:00 | H92: 150096000 | I92: 165586000 | J92: 15490000 | K92: 0 | M92: =I92-(H92+J92-K92)-L92 -> 0 | N92: =IF(M92="","",IF(M92=0,"Cuadrado",IF(M92>0,"Faltante","Sobrante"))) -> Cuadrado | O92: Cajero cuadrado, sin observación por parte de la sucursal | P92: 79659379
A93: 61 | B93: 788 | C93: =VLOOKUP(B93,'Lista MF'!B:C,2,0) -> BELLTECH | D93: BELLTECH | E93: 46086 | F93: 46085 | G93: 09:23:00 | H93: 386695450 | I93: 390715450 | J93: 6560000 | K93: 700000 | M93: =I93-(H93+J93-K93)-L93 -> -1840000 | N93: =IF(M93="","",IF(M93=0,"Cuadrado",IF(M93>0,"Faltante","Sobrante"))) -> Sobrante | O93: La diferencia es contabilizada por la Gerencia De Autoservicios y Efectivo de manera centralizada a la cuenta de sobrantes 279510020 el 05/03/2026 | P93: 1144070638
A94: 70 | B94: 5164 | C94: =VLOOKUP(B94,'Lista MF'!B:C,2,0) -> BELLTECH | D94: BELLTECH | E94: 46086 | F94: 46085 | G94: 10:19:00 | H94: 254910900 | I94: 236263200 | J94: 7010000 | K94: 17266000 | M94: =I94-(H94+J94-K94)-L94 -> -8391700 | N94: =IF(M94="","",IF(M94=0,"Cuadrado",IF(M94>0,"Faltante","Sobrante"))) -> Sobrante | O94: La diferencia es contabilizada por la Gerencia De Autoservicios y Efectivo de manera centralizada a la cuenta de sobrantes 279510020 el 05/03/2026 | P94: 30231139
A95: 73 | B95: 5108 | C95: =VLOOKUP(B95,'Lista MF'!B:C,2,0) -> BELLTECH | D95: BELLTECH | E95: 46086 | F95: 46085 | G95: 09:28:33 | H95: 161090900 | I95: 161415900 | J95: 1680000 | K95: 1324950 | L95: -30000 | M95: =I95-(H95+J95-K95)-L95 -> -50 | N95: =IF(M95="","",IF(M95=0,"Cuadrado",IF(M95>0,"Faltante","Sobrante"))) -> Sobrante | O95: La diferencia es contabilizada por la Gerencia De Autoservicios y Efectivo de manera centralizada a la cuenta de sobrantes 279510020 el 05/03/2026 | P95: 42157515
A96: 74 | B96: 6215 | C96: =VLOOKUP(B96,'Lista MF'!B:C,2,0) -> DIEBOLD | D96: BELLTECH | E96: 46086 | F96: 46085 | G96: 16:57:00 | H96: 268116700 | I96: 128726700 | J96: 11480000 | K96: 145198000 | L96: -1938000 | M96: =I96-(H96+J96-K96)-L96 -> -3734000 | N96: =IF(M96="","",IF(M96=0,"Cuadrado",IF(M96>0,"Faltante","Sobrante"))) -> Sobrante | O96: La diferencia es contabilizada por la Gerencia De Autoservicios y Efectivo de manera centralizada a la cuenta de sobrantes 279510020 el 05/03/2026 | P96: 59314706
A97: 85 | B97: 8974 | C97: =VLOOKUP(B97,'Lista MF'!B:C,2,0) -> BELLTECH | D97: BELLTECH | E97: 46086 | F97: 46085 | G97: 14:59:00 | H97: 197096700 | I97: 81733000 | J97: 14640000 | K97: 130025800 | M97: =I97-(H97+J97-K97)-L97 -> 22100 | N97: =IF(M97="","",IF(M97=0,"Cuadrado",IF(M97>0,"Faltante","Sobrante"))) -> Faltante | O97: REPITIERON ARQUEO | P97: 1047413788
A98: 91 | B98: 5148 | C98: =VLOOKUP(B98,'Lista MF'!B:C,2,0) -> BELLTECH | D98: BELLTECH | E98: 46086 | F98: 46085 | G98: 11:34:00 | H98: 254880550 | I98: 221930400 | J98: 4180000 | K98: 26257000 | M98: =I98-(H98+J98-K98)-L98 -> -10873150 | N98: =IF(M98="","",IF(M98=0,"Cuadrado",IF(M98>0,"Faltante","Sobrante"))) -> Sobrante | O98: REPITIERON ARQUEO | P98: 1067844638
A99: 108 | B99: 2254 | C99: =VLOOKUP(B99,'Lista MF'!B:C,2,0) -> DIEBOLD | D99: BELLTECH | E99: 46086 | F99: 46085 | G99: 09:14:30 | H99: 179018600 | I99: 176742800 | J99: 1530000 | K99: 2120000 | M99: =I99-(H99+J99-K99)-L99 -> -1685800 | N99: =IF(M99="","",IF(M99=0,"Cuadrado",IF(M99>0,"Faltante","Sobrante"))) -> Sobrante | O99: La diferencia es contabilizada por la Gerencia De Autoservicios y Efectivo de manera centralizada a la cuenta de sobrantes 279510020 el 05/03/2026 | P99: 80206469
A100: 167 | B100: 5030 | C100: =VLOOKUP(B100,'Lista MF'!B:C,2,0) -> BELLTECH | D100: BELLTECH | E100: 46086 | F100: 46085 | G100: 08:05:00 | H100: 355239350 | I100: 354189150 | J100: 110000 | K100: 525000 | M100: =I100-(H100+J100-K100)-L100 -> -635200 | N100: =IF(M100="","",IF(M100=0,"Cuadrado",IF(M100>0,"Faltante","Sobrante"))) -> Sobrante | O100: La diferencia es contabilizada por la Gerencia De Autoservicios y Efectivo de manera centralizada a la cuenta de sobrantes 279510020 el 05/03/2026 | P100: 80076538
A101: 197 | B101: 5084 | C101: =VLOOKUP(B101,'Lista MF'!B:C,2,0) -> BELLTECH | D101: BELLTECH | E101: 46086 | F101: 46084 | G101: 08:13:00 | H101: 547184600 | I101: 547479600 | J101: 0 | K101: 0 | M101: =I101-(H101+J101-K101)-L101 -> 295000 | N101: =IF(M101="","",IF(M101=0,"Cuadrado",IF(M101>0,"Faltante","Sobrante"))) -> Faltante | O101: REPITIERON ARQUEO | P101: 1065607404
...

Sheet Lista MF
A1: Cod Suc | B1: Cajero | C1: Marca | D1: Cajero | E1: Sucursal | F1: Lider de servicio | G1: SUBGERENTE | H1: FECHA ARQUEO | I1: FECHA REPROGRAMACION | J1: FECHA PROGRAMADA | K1: OBSERVACIÓN
A2: 348 | B2: 192 | C2: BELLTECH | D2: Multifuncional | E2: SAN ANDRES | F2: Didi Alejandra Pareja Medina | G2: PPOLO | H2: 46093 | K2: Nuevo 31 Julio, Sin servicio
A3: 333 | B3: 442 | C3: DIEBOLD | D3: Multifuncional | E3: SABANETA AVES MARIA | F3: Sandra Milena Cardona Franco | G3: LUCRAMIR | H3: 46086 | K3: Nuevo 31 Julio, Sin servicio
A4: 331 | B4: 574 | C4: BELLTECH | D4: Multifuncional | E4: ARKADIA | F4: Ana Maria Echavarria Gonzalez | G4: NDUQUE | H4: 46086
A5: 331 | B5: 575 | C5: BELLTECH | D5: Multifuncional | E5: ARKADIA | F5: Ana Maria Echavarria Gonzalez | G5: NDUQUE | H5: 46086
A6: 61 | B6: 788 | C6: BELLTECH | D6: Multifuncional | E6: CENTRO COMERCIAL LA ESTACIÓN CALI | F6: Hector Mario Rendon Ocampo | G6: MOCANO | H6: 46091 | K6: 09 de Sep inicia a ser de suc
A7: 287 | B7: 907 | C7: DIEBOLD | D7: Multifuncional | E7: CENTRAL DE ABASTOS B/MANGA | F7: Yenis Meybi Fernandez Marin | G7: LMPINILL | H7: 46100 | K7: instalan cajero 20 de enero
A8: 481 | B8: 1010 | C8: BELLTECH | D8: Multifuncional | E8: SOLEDAD | F8: German Alcides Hernandez Vivero | G8: VAESTRAD | H8: 46091
A9: 481 | B9: 1011 | C9: BELLTECH | D9: Multifuncional | E9: SOLEDAD | F9: German Alcides Hernandez Vivero | G9: VAESTRAD | H9: 46091
A10: 795 | B10: 1027 | C10: BELLTECH | D10: Multifuncional | E10: CAÑAVERAL | F10: Yenis Meybi Fernandez Marin | G10: CEAUARIA | H10: 46091 | I10: =VLOOKUP(A10,[1]Programación!$A:$J,10,0) -> 2 Días
A11: 795 | B11: 1028 | C11: BELLTECH | D11: Multifuncional | E11: CAÑAVERAL | F11: Yenis Meybi Fernandez Marin | G11: CEAUARIA | H11: 46091 | I11: =VLOOKUP(A11,[1]Programación!$A:$J,10,0) -> 2 Días
A12: 795 | B12: 1029 | C12: BELLTECH | D12: Multifuncional | E12: CAÑAVERAL | F12: Yenis Meybi Fernandez Marin | G12: CEAUARIA | H12: 46091 | I12: =VLOOKUP(A12,[1]Programación!$A:$J,10,0) -> 2 Días
A13: 745 | B13: 1477 | C13: BELLTECH | D13: Multifuncional | E13: MALLPLAZA CALI | F13: Hector Mario Rendon Ocampo | G13: MCORRALE | H13: 46091
A14: 377 | B14: 1508 | C14: DIEBOLD | D14: Multifuncional | E14: AVENTURA CENTRO COMERCIAL | F14: Katherine Zapata Cano | G14: CAALJARA | H14: 46086
A15: 692 | B15: 1515 | C15: BELLTECH | D15: Multifuncional | E15: ALTO PRADO | F15: Maria Teresa Chaves Ahumada | G15: FLOZANO | H15: 46091 | K15: NUEVO, DESDE EL 7 DE ENERO
A16: 692 | B16: 1516 | C16: BELLTECH | D16: Multifuncional | E16: ALTO PRADO | F16: Maria Teresa Chaves Ahumada | G16: FLOZANO | H16: 46091 | K16: NUEVO, DESDE EL 7 DE ENERO
A17: 395 | B17: 1528 | C17: BELLTECH | D17: Multifuncional | E17: VIVA VILLAVICENCIO | F17: Juan Felipe Russi Gamboa | G17: LJROMERO | H17: 46091 | I17: =VLOOKUP(A17,[1]Programación!$A:$J,10,0) -> 2 Días
A18: 395 | B18: 1529 | C18: BELLTECH | D18: Multifuncional | E18: VIVA VILLAVICENCIO | F18: Juan Felipe Russi Gamboa | G18: LJROMERO | H18: 46091 | I18: =VLOOKUP(A18,[1]Programación!$A:$J,10,0) -> 2 Días
A19: 141 | B19: 1541 | C19: BELLTECH | D19: Multifuncional | E19: MERCANTIL | F19: Victoria Eugenia Guaqueta Murcia | G19: DICARDEN | H19: 46099
A20: 438 | B20: 1565 | C20: BELLTECH | D20: Multifuncional | E20: ANDES | F20: Sandra Milena Cardona Franco | G20: JOGRESTR | H20: 46100
A21: 944 | B21: 2228 | C21: BELLTECH | D21: Multifuncional | E21: CENTRO COMERCIAL SANTAFE | F21: Nidya Marcela Poveda Sanchez | G21: SBOHORQU | H21: 46098 | K21: 9 Julio consola
A22: 108 | B22: 2254 | C22: DIEBOLD | D22: Multifuncional | E22: PLAZA DE LAS AMERICAS | F22: Samuel Alexander Mendez Suarez | G22: SMALVARA | H22: 46099
A23: 322 | B23: 2444 | C23: BELLTECH | D23: Multifuncional | E23: SAN GIL | F23: Frank William Castillo Leal | G23: CARLBALL | H23: 46093
A24: 907 | B24: 4830 | C24: BELLTECH | D24: Multifuncional | E24: LA FRONTERA | F24: Natalia Zuluaga Rodriguez | G24: MARIADAG | H24: 46093 | K24: Nuevo 24 Junio
A25: 5 | B25: 4866 | C25: DIEBOLD | D25: Multifuncional | E25: ATM MF SUCAVENIDA EL POBLADO 1 | F25: Natalia Zuluaga Rodriguez | G25: PCVARGAS | H25: 46099 | K25: Nuevo 26 de agosto, Sin servicio
A26: 777 | B26: 4868 | C26: DIEBOLD | D26: Multifuncional | E26: PARQUE WASHINGTON | F26: Maria Teresa Chaves Ahumada | G26: FRICAURT | H26: 46092 | K26: Provisionar con 9 millones y el cajero no funcionó
A27: 1 | B27: 5000 | C27: BELLTECH | D27: Multifuncional | E27: CARABOBO | F27: Katherine Zapata Cano | G27: FLLOPEZ | H27: 46086
A28: 6 | B28: 5001 | C28: BELLTECH | D28: Multifuncional | E28: AVENIDA JUNIN | F28: Katherine Zapata Cano | G28: DJMONTOY | H28: 46086 | I28: =VLOOKUP(A28,[1]Programación!$A:$J,10,0) -> 2 Días
A29: 59 | B29: 5002 | C29: BELLTECH | D29: Multifuncional | E29: AVENIDA SANTANDER | F29: Sergio Arias Pelaez | G29: CVALASQU | H29: 46100
A30: 361 | B30: 5005 | C30: BELLTECH | D30: Multifuncional | E30: CENTRO DE PAGOS FONTIBON | F30: Fabio Orlando Bosa Poveda | G30: jaolarte | H30: 46092
A31: 777 | B31: 5009 | C31: BELLTECH | D31: Multifuncional | E31: PARQUE WASHINGTON | F31: Maria Teresa Chaves Ahumada | G31: FRICAURT | H31: 46092
A32: 779 | B32: 5013 | C32: BELLTECH | D32: Multifuncional | E32: BUENAVISTA SANTA MARTA | F32: Alicia Minerva Fontalvo Reales | G32: MAVERGAR | H32: 46100
A33: 907 | B33: 5019 | C33: BELLTECH | D33: Multifuncional | E33: LA FRONTERA | F33: Natalia Zuluaga Rodriguez | G33: MARIADAG | H33: 46093
A34: 882 | B34: 5020 | C34: BELLTECH | D34: Multifuncional | E34: LIBERTADORES | F34: Yury Yaquelin Daza Congo | G34: YPARRA | H34: 46093 | I34: =VLOOKUP(A34,[1]Programación!$A:$J,10,0) -> 2 Días
A35: 277 | B35: 5021 | C35: BELLTECH | D35: Multifuncional | E35: CENTRO COMERCIAL MAYORCA | F35: Sandra Milena Cardona Franco | G35: LMCALZAT | H35: 46092
A36: 825 | B36: 5023 | C36: BELLTECH | D36: Multifuncional | E36: ASTROCENTRO | F36: Hector Mario Rendon Ocampo | G36: JHAMAYA | H36: 46086 | I36: =VLOOKUP(A36,[1]Programación!$A:$J,10,0) -> 2 Días
A37: 32 | B37: 5027 | C37: BELLTECH | D37: Multifuncional | E37: ANTIGUO COUNTRY | F37: Kirsys Nadyra Robelto Sanchez | G37: SANDGARC | H37: 46093
A38: 167 | B38: 5030 | C38: BELLTECH | D38: Multifuncional | E38: AVENIDA 82 | F38: Kirsys Nadyra Robelto Sanchez | G38: MARIMOSQ | H38: 46092
A39: 275 | B39: 5034 | C39: BELLTECH | D39: Multifuncional | E39: BOULEVAR ENVIGADO | F39: Sandra Milena Cardona Franco | G39: DIBLANDO | H39: 46086
A40: 81 | B40: 5036 | C40: BELLTECH | D40: Multifuncional | E40: AVENIDA KENNEDY | F40: German Alcides Hernandez Vivero | G40: JAMESA | H40: 46091
A41: 824 | B41: 5040 | C41: BELLTECH | D41: Multifuncional | E41: VENTURA PLAZA | F41: Adriana Maritza Angulo Mora | G41: MABAEZ | H41: 46093 | I41: =VLOOKUP(A41,[1]Programación!$A:$J,10,0) -> 2 Días
A42: 154 | B42: 5041 | C42: BELLTECH | D42: Multifuncional | E42: CENTRO MAYOR | F42: Samuel Alexander Mendez Suarez | G42: JBOGOTA | H42: 46091
A43: 867 | B43: 5043 | C43: BELLTECH | D43: Multifuncional | E43: UNICENTRO ARMENIA | F43: John Didier Villegas Martinez | G43: DIOSPINA | H43: 46099 | I43: =VLOOKUP(A43,[1]Programación!$A:$J,10,0) -> 2 Días
A44: 879 | B44: 5045 | C44: BELLTECH | D44: Multifuncional | E44: UNICENTRO PASTO | F44: Norma Constanza Barrera Pabon | G44: AGUEVARA | H44: 46093
A45: 723 | B45: 5046 | C45: BELLTECH | D45: Multifuncional | E45: PARQUE ARBOLEDA | F45: Sergio Arias Pelaez | G45: LECADAVI | H45: 46098
A46: 623 | B46: 5047 | C46: BELLTECH | D46: Multifuncional | E46: FUNDADORES MANIZALES | F46: Sergio Arias Pelaez | G46: ELIZLOND | H46: 46086
A47: 261 | B47: 5048 | C47: BELLTECH | D47: Multifuncional | E47: CAMPANARIO POPAYAN | F47: Norma Constanza Barrera Pabon | G47: DLASSO | H47: 46093
A48: 682 | B48: 5049 | C48: BELLTECH | D48: Multifuncional | E48: CENTRO COMERCIAL FONTANAR | F48: Nidya Marcela Poveda Sanchez | G48: ANMARODR | H48: 46099
A49: 852 | B49: 5050 | C49: BELLTECH | D49: Multifuncional | E49: VICTORIA PLAZA | F49: Sergio Arias Pelaez | G49: FJESPINO | H49: 46091
A50: 769 | B50: 5051 | C50: BELLTECH | D50: Multifuncional | E50: PORTAL DEL PRADO | F50: German Alcides Hernandez Vivero | G50: CAGUAS | H50: 46086
A51: 916 | B51: 5052 | C51: BELLTECH | D51: Multifuncional | E51: OCEAN MALL | F51: Alicia Minerva Fontalvo Reales | G51: SDELOS | H51: 46093
A52: 517 | B52: 5053 | C52: BELLTECH | D52: Multifuncional | E52: EL RODADERO | F52: Alicia Minerva Fontalvo Reales | G52: JFONTALV | H52: 46092
A53: 781 | B53: 5057 | C53: BELLTECH | D53: Multifuncional | E53: PRADO PLAZA | F53: Alicia Minerva Fontalvo Reales | G53: ANACAMAC | H53: 46100
A54: 7 | B54: 5059 | C54: BELLTECH | D54: Multifuncional | E54: LOS MOLINOS | F54: Ana Maria Echavarria Gonzalez | G54: PATOBONO | H54: 46091
A55: 392 | B55: 5064 | C55: BELLTECH | D55: Multifuncional | E55: LA DORADA | F55: Juan Fernando Alzate Valencia | G55: ADMMARRO | H55: 46100
... A63: 115 | B63: 5080 | C63: BELLTECH | D63: Multifuncional | E63: CIRCUNVALAR PEREIRA | F63: Sergio Arias Pelaez | G63: LUAGIRAL | H63: 46092
A64: 486 | B64: 5081 | C64: BELLTECH | D64: Multifuncional | E64: SAN NICOLAS BARRANQUILLA | F64: German Alcides Hernandez Vivero | G64: JULOROZC | H64: 46099 | K64: El cajero esta fuera de servicio, la oficina estuvo siendo remodelada SIN SERVICIO FEB
A65: 523 | B65: 5082 | C65: BELLTECH | D65: Multifuncional | E65: OLIMPICA | F65: Alicia Minerva Fontalvo Reales | G65: ACUJIA | H65: 46091
A66: 265 | B66: 5083 | C66: BELLTECH | D66: Multifuncional | E66: VALLE DEL LILI | F66: Hector Mario Rendon Ocampo | G66: MADHERNA | H66: 46093
A67: 197 | B67: 5084 | C67: BELLTECH | D67: Multifuncional | E67: GUATAPURI | F67: Alicia Minerva Fontalvo Reales | G67: MCAMACHO | H67: 46093
A68: 634 | B68: 5087 | C68: BELLTECH | D68: Multifuncional | E68: AVENIDA 127 | F68: Camilo Andres Mila Jimenez | G68: AMSCABEZ | H68: 46086
A69: 659 | B69: 5102 | C69: BELLTECH | D69: Multifuncional | E69: GIRARDOT | F69: Edwin Andres Lievano Orjuela | G69: JCANTOR | H69: 46100
A70: 656 | B70: 5103 | C70: BELLTECH | D70: Multifuncional | E70: MAYALES PLAZA | F70: Alicia Minerva Fontalvo Reales | G70: DVILLARR | H70: 46099
A71: 430 | B71: 5104 | C71: BELLTECH | D71: Multifuncional | E71: ZONA ROSA | F71: Natalia Zuluaga Rodriguez | G71: MARIROME | H71: 46100 | I71: =VLOOKUP(A71,[1]Programación!$A:$J,10,0) -> 2 Días
A72: 743 | B72: 5106 | C72: BELLTECH | D72: Multifuncional | E72: NORTH POINT | F72: Camilo Andres Mila Jimenez | G72: EMMARINO | H72: 46093
A73: 73 | B73: 5108 | C73: BELLTECH | D73: Multifuncional | E73: PEREIRA | F73: Sergio Arias Pelaez | G73: LUFSANCH | H73: 46100
A74: 88 | B74: 5111 | C74: BELLTECH | D74: Multifuncional | E74: CUCUTA | F74: Adriana Maritza Angulo Mora | G74: DRAREVAL | H74: 46093
A75: 191 | B75: 5112 | C75: BELLTECH | D75: Multifuncional | E75: AVENIDA 19 | F75: Kirsys Nadyra Robelto Sanchez | G75: LFRAMIRE | H75: 46086
A76: 291 | B76: 5114 | C76: BELLTECH | D76: Multifuncional | E76: LAS PALMAS | F76: Yenis Meybi Fernandez Marin | G76: FVASQUEZ | H76: 46091
A77: 937 | B77: 5115 | C77: BELLTECH | D77: Multifuncional | E77: MODELO POPAYAN | F77: Norma Constanza Barrera Pabon | G77: CAEDMART | H77: 46086
A78: 292 | B78: 5116 | C78: BELLTECH | D78: Multifuncional | E78: CENTRO DE LA CONFECCION | F78: Sandra Milena Cardona Franco | G78: CLFERNAN | H78: 46098
A79: 789 | B79: 5118 | C79: BELLTECH | D79: Multifuncional | E79: MANGA | F79: Didi Alejandra Pareja Medina | G79: RVARELA | H79: 46091
A80: 511 | B80: 5122 | C80: BELLTECH | D80: Multifuncional | E80: PUNTO CLAVE | F80: Juan Fernando Alzate Valencia | G80: MAAREIZA | H80: 46086
A81: 76 | B81: 5126 | C81: BELLTECH | D81: Multifuncional | E81: NEIVA | F81: Astrid Alexandra Quintero Arciniegas | G81: YENGONZA | H81: 46093
A82: 101 | B82: 5128 | C82: BELLTECH | D82: Multifuncional | E82: MULTIPLAZA DRIVE | F82: Camilo Andres Mila Jimenez | G82: AGUTIERR | H82: 46086
A83: 244 | B83: 5129 | C83: BELLTECH | D83: Multifuncional | E83: TRINIDAD GALAN | F83: Samuel Alexander Mendez Suarez | G83: JBALLEN | H83: 46099
... A85: 68 | B85: 5135 | C85: BELLTECH | D85: Multifuncional | E85: IBAGUE | F85: Edwin Andres Lievano Orjuela | G85: REGUZMAN | H85: 46100
A86: 318 | B86: 5136 | C86: BELLTECH | D86: Multifuncional | E86: OCAÑA | F86: Adriana Maritza Angulo Mora | G86: CYALVARE | H86: 46091 | I86: =VLOOKUP(A86,[1]Programación!$A:$J,10,0) -> 2 Días
A87: 829 | B87: 5137 | C87: BELLTECH | D87: Multifuncional | E87: UNICENTRO CALI | F87: Hector Mario Rendon Ocampo | G87: SMBEDOYA | H87: 46098
A88: 300 | B88: 5139 | C88: BELLTECH | D88: Multifuncional | E88: AUTOPISTA 98 | F88: Kirsys Nadyra Robelto Sanchez | G88: HDSANCHE | H88: 46091
A89: 53 | B89: 5141 | C89: BELLTECH | D89: Multifuncional | E89: CARRERA DECIMA | F89: Victoria Eugenia Guaqueta Murcia | G89: IMARTINE | H89: 46099 | I89: =VLOOKUP(A89,[1]Programación!$A:$J,10,0) -> 2 Días
A90: 40 | B90: 5142 | C90: BELLTECH | D90: Multifuncional | E90: CENTRO 93 | F90: Kirsys Nadyra Robelto Sanchez | G90: EPIRAGAU | H90: 46091
A91: 927 | B91: 5143 | C91: BELLTECH | D91: Multifuncional | E91: MOCOA | F91: Astrid Alexandra Quintero Arciniegas | G91: DMOTTA | H91: 46099
A92: 812 | B92: 5144 | C92: BELLTECH | D92: Multifuncional | E92: CHIPICHAPE | F92: Hector Mario Rendon Ocampo | G92: DRRAMIRE | H92: 46091
A93: 279 | B93: 5147 | C93: BELLTECH | D93: Multifuncional | E93: ITAGUI PARQUE | F93: Sandra Milena Cardona Franco | G93: LUDLOPEZ | H93: 46098
A94: 91 | B94: 5148 | C94: BELLTECH | D94: Multifuncional | E94: MONTERIA | F94: Magaly Del Socorro Cabrales Isaac | G94: DRDIAZ | H94: 46092 | I94: =VLOOKUP(A94,[1]Programación!$A:$J,10,0) -> 2 Días
A95: 358 | B95: 5149 | C95: BELLTECH | D95: Multifuncional | E95: SOGAMOSO | F95: Yury Yaquelin Daza Congo | G95: LILMARTI | H95: 46092
A96: 262 | B96: 5153 | C96: BELLTECH | D96: Multifuncional | E96: DUITAMA | F96: Yury Yaquelin Daza Congo | G96: LMCASTAN | H96: 46100
A97: 258 | B97: 5155 | C97: BELLTECH | D97: Multifuncional | E97: TUNJA | F97: Yury Yaquelin Daza Congo | G97: MIROMERO | H97: 46093
A98: 806 | B98: 5156 | C98: BELLTECH | D98: Multifuncional | E98: BAZAR ALSACIA | F98: Samuel Alexander Mendez Suarez | G98: JTRIANA | H98: 46092
A99: 750 | B99: 5157 | C99: BELLTECH | D99: Multifuncional | E99: AVENIDA ROOSEVELT | F99: Hector Mario Rendon Ocampo | G99: EBUENO | H99: 46099
A100: 70 | B100: 5164 | C100: BELLTECH | D100: Multifuncional | E100: MANIZALES | F100: Sergio Arias Pelaez | G100: CARLGOME | H100: 46091
A101: 725 | B101: 5166 | C101: BELLTECH | D101: Multifuncional | E101: DOSQUEBRADAS | F101: Sergio Arias Pelaez | G101: JOLOAIZA | H101: 46092
A102: 667 | B102: 5167 | C102: BELLTECH | D102: Multifuncional | E102: VALVANERA | F102: Samuel Alexander Mendez Suarez | G102: ADIAZ | H102: 46100
A103: 363 | B103: 5168 | C103: BELLTECH | D103: Multifuncional | E103: YOPAL | F103: Yury Yaquelin Daza Congo | G103: CAMARTIN | H103: 46098
A104: 388 | B104: 5169 | C104: BELLTECH | D104: Multifuncional | E104: CENTRO COMERCIAL HAYUELOS | F104: Samuel Alexander Mendez Suarez | G104: KRODRIGU | H104: 46086
A105: 302 | B105: 5170 | C105: BELLTECH | D105: Multifuncional | E105: QUEBRADA SECA | F105: Yenis Meybi Fernandez Marin | G105: LUDACEVE | H105: 46091
A106: 420 | B106: 5173 | C106: BELLTECH | D106: Multifuncional | E106: TEATRO AVENIDA | F106: Katherine Zapata Cano | G106: DEBEDOYA | H106: 46093 | I106: =VLOOKUP(A106,[1]Programación!$A:$J,10,0) -> 2 Días
A107: 253 | B107: 5176 | C107: BELLTECH | D107: Multifuncional | E107: PUERTA DEL NORTE | F107: Julian Alejandro Rodriguez Escobar | G107: ISALOPEZ | H107: 46092
A108: 198 | B108: 5179 | C108: BELLTECH | D108: Multifuncional | E108: CENTRO SUBA | F108: Camilo Andres Mila Jimenez | G108: ECROJAS | H108: 46093
...

Sheet Notas
A2: Pendiente de investigación por parte de la Sección Servicios Sucursales
A3: Pendiente de investigación por parte de la Sucursal | B3: ACLARAR DIFERENCIA Y REPETIR ARQUEO, por favor validar provisiones trocadas entre los cajeros 4517 y 4847, contactarme por teams una vez hayan encontrado el error para indicarles cómo proceder.
B5: ACLARAR DIFERENCIA Y REPETIR EL ARQUEO
B6: Cajero cuadrado, sin observación por parte de la sucursal.
A7: Contabilizada por la sección en la cuenta de Faltantes 168710093 el 16/12/2022 - Faltante queda en investigación por parte de la Sección Serv. Sucursales. | B7: La diferencia es contabilizada por la Gerencia De Autoservicios y Efectivo de manera centralizada a la cuenta de faltantes 168710093 el 04/03/2026, esta diferencia ingresa a proceso de investigación en el área para identificar a que corresponde.
A8: Contabilizada por la sección en la cuenta de Faltantes 168710093 el 27/12/2021 - REVERSAR | B8: La diferencia es contabilizada por la Gerencia De Autoservicios y Efectivo de manera centralizada a la cuenta de sobrantes 279510020 el 05/03/2026
A9: Faltante originado por sobrante contabilizado el 08/12/2021 - Se reversa el 27/12/2021 | B9: El sobrante es cruzado con faltante contabilizado el 26/01/2026 el cual es reversado por la Gerencia De Autoservicios y Efectivo el 12/02/2026
A10: Diferencia menor a 3.000 - No es necesario otro arqueo | B10: Faltante es reversado por la sección el 03 de abril, con sobrante contabilizado el día 20 de marzo
A11: Aclarar Diferencia. En caso de no aclarar por favor realizar un nuevo arqueo al cajero. | B11: El faltante de $26.000 es cruzado con sobrante contabilizado el día 11/02/2026 el cual es reversado por la seccion el día 16/02/2026
A12: Aclarar Diferencia, realizar las validaciones indicadas en el correo de Faltantes. En caso de no aclarar por favor realizar un nuevo arqueo al cajero. | B12: El sobrante es cruzado con faltante contabilizado el día 28/09/2025 el cual es reversado por la seccion el día 11/09/2025, la diferencia es contabilizada por la sección en la cuenta 279510020 el día 11/09/2025
A13: REVERSAR | B13: El faltante $46.600 es cruzado con sobrante contabilizado el día 23/02/2026 el cual es reversado por la seccion el día 28/02/2026
A14: Cuadrado
A17: *CANCELACION FALTANTES CUENTA 168710093 POR PARTE DE LAS SUCURSALES*
A18: TRX MEDELLIN: 2492 Para cancelar (pagar) los faltantes que tengan contabilizados en la cuenta 168710093, realizan en Medellín la transacción 2492 con código cajero MF y la cédula del cajero a quien fue cargado el faltante en su momento. Esta Trx les da cruce a caja con entrada de efectivo. NOTA: Antes de realizar la cancelación por favor verificar siempre la cuenta 168710093.
A20: CONTABILIDADES GOLF-WOLF SUCURSALES
A21: 0041 - Provisión Cajero Wolf - Seleccionan la TX realizada y en recuadro abajo dan la opción "Reversar"
A22: 0105 - Remanente Cajero Wolf - Sucursal
A23: 0095 - Faltantes en Caja
A24: 0097 - Sobrantes en Caja
A25: 0096 - Reintegro Faltantes en Caja
A27: Deben reintegrar el sobrante de caja y meterlo físico al cajero XXX, al cajero NO se le hace nada contable, solo ingresarle de manera física el dinero y deben realizarle nuevamente arqueo al cajero y ya este se debe reflejar cuadrado con el ajuste realizado.
A30: billetes falsos en cajero mf belltech, deben de hacer arqueo sin tener en cuenta el billete primero porque puede que el cajero reciba el dinero pero no haga ninguna trx y no genere descuadre, si el cajero genera descuadre deben de sacar el billete como remanente, grabar faltante en caja, enviarnos un correo para reclasificarlo a faltantes cajero y llevarlo al pyg y enviar el billete a la sección
G611: 0.39791667

Sheet CP
A1: CODIGO | B1: COD. SUC | C1: CODIGO | D1: Dispensador / Multifuncional | E1: ADMINISTRACIÓN | F1: MARCA
A2: 574 | B2: 331 | C2: 574 | D2: Multifuncional | E2: SUC | F2: BELLTECH
A3: 575 | B3: 331 | C3: 575 | D3: Multifuncional | E3: SUC | F3: BELLTECH
A4: 788 | B4: 61 | C4: 788 | D4: Multifuncional | E4: SUC | F4: BELLTECH
A5: 907 | B5: 287 | C5: 907 | D5: Multifuncional | E5: SUC | F5: DIEBOLD
A6: 1010 | B6: 481 | C6: 1010 | D6: Multifuncional | E6: SUC | F6: BELLTECH
A7: 1011 | B7: 481 | C7: 1011 | D7: Multifuncional | E7: SUC | F7: BELLTECH
A8: 1027 | B8: 795 | C8: 1027 | D8: Multifuncional | E8: SUC | F8: BELLTECH
A9: 1028 | B9: 795 | C9: 1028 | D9: Multifuncional | E9: SUC | F9: BELLTECH
A10: 1029 | B10: 795 | C10: 1029 | D10: Multifuncional | E10: SUC | F10: BELLTECH
A11: 1477 | B11: 745 | C11: 1477 | D11: Multifuncional | E11: SUC | F11: BELLTECH
A12: 1508 | B12: 377 | C12: 1508 | D12: Multifuncional | E12: SUC | F12: DIEBOLD
A13: 1515 | B13: 692 | C13: 1515 | D13: Multifuncional | E13: SUC | F13: BELLTECH
... A36: 5041 | B36: 154 | C36: 5041 | D36: Multifuncional | E36: SUC | F36: BELLTECH
A37: 5043 | B37: 867 | C37: 5043 | D37: Multifuncional | E37: SUC | F37: BELLTECH
A38: 5045 | B38: 879 | C38: 5045 | D38: Multifuncional | E38: SUC | F38: BELLTECH
A39: 5046 | B39: 723 | C39: 5046 | D39: Multifuncional | E39: SUC | F39: BELLTECH
A40: 5047 | B40: 623 | C40: 5047 | D40: Multifuncional | E40: SUC | F40: BELLTECH
A41: 5048 | B41: 261 | C41: 5048 | D41: Multifuncional | E41: SUC | F41: BELLTECH
A42: 5049 | B42: 682 | C42: 5049 | D42: Multifuncional | E42: SUC | F42: BELLTECH
A43: 5050 | B43: 852 | C43: 5050 | D43: Multifuncional | E43: SUC | F43: BELLTECH
A44: 5051 | B44: 769 | C44: 5051 | D44: Multifuncional | E44: SUC | F44: BELLTECH
A45: 5052 | B45: 916 | C45: 5052 | D45: Multifuncional | E45: SUC | F45: BELLTECH
A46: 5053 | B46: 517 | C46: 5053 | D46: Multifuncional | E46: SUC | F46: BELLTECH
A47: 5057 | B47: 781 | C47: 5057 | D47: Multifuncional | E47: SUC | F47: BELLTECH
A48: 5059 | B48: 7 | C48: 5059 | D48: Multifuncional | E48: SUC | F48: BELLTECH
A49: 5064 | B49: 392 | C49: 5064 | D49: Multifuncional | E49: SUC | F49: BELLTECH
... A76: 5128 | B76: 101 | C76: 5128 | D76: Multifuncional | E76: SUC | F76: BELLTECH
A77: 5129 | B77: 244 | C77: 5129 | D77: Multifuncional | E77: SUC | F77: BELLTECH
A78: 5132 | B78: 366 | C78: 5132 | D78: Multifuncional | E78: SUC | F78: BELLTECH
A79: 5135 | B79: 68 | C79: 5135 | D79: Multifuncional | E79: SUC | F79: BELLTECH
A80: 5136 | B80: 318 | C80: 5136 | D80: Multifuncional | E80: SUC | F80: BELLTECH
A81: 5137 | B81: 829 | C81: 5137 | D81: Multifuncional | E81: SUC | F81: BELLTECH
A82: 5139 | B82: 300 | C82: 5139 | D82: Multifuncional | E82: SUC | F82: BELLTECH
A83: 5141 | B83: 53 | C83: 5141 | D83: Multifuncional | E83: SUC | F83: BELLTECH
A84: 5142 | B84: 40 | C84: 5142 | D84: Multifuncional | E84: SUC | F84: BELLTECH
A85: 5143 | B85: 927 | C85: 5143 | D85: Multifuncional | E85: SUC | F85: BELLTECH
A86: 5144 | B86: 812 | C86: 5144 | D86: Multifuncional | E86: SUC | F86: BELLTECH
A87: 5147 | B87: 279 | C87: 5147 | D87: Multifuncional | E87: SUC | F87: BELLTECH
A88: 5148 | B88: 91 | C88: 5148 | D88: Multifuncional | E88: SUC | F88: BELLTECH
A89: 5149 | B89: 358 | C89: 5149 | D89: Multifuncional | E89: SUC | F89: BELLTECH
A90: 5153 | B90: 262 | C90: 5153 | D90: Multifuncional | E90: SUC | F90: BELLTECH
A91: 5155 | B91: 258 | C91: 5155 | D91: Multifuncional | E91: SUC | F91: BELLTECH
A92: 5156 | B92: 806 | C92: 5156 | D92: Multifuncional | E92: SUC | F92: BELLTECH
A93: 5157 | B93: 750 | C93: 5157 | D93: Multifuncional | E93: SUC | F93: BELLTECH
A94: 5164 | B94: 70 | C94: 5164 | D94: Multifuncional | E94: SUC | F94: BELLTECH
A95: 5166 | B95: 725 | C95: 5166 | D95: Multifuncional | E95: SUC | F95: BELLTECH
A96: 5167 | B96: 667 | C96: 5167 | D96: Multifuncional | E96: SUC | F96: BELLTECH
A97: 5168 | B97: 363 | C97: 5168 | D97: Multifuncional | E97: SUC | F97: BELLTECH
A98: 5169 | B98: 388 | C98: 5169 | D98: Multifuncional | E98: SUC | F98: BELLTECH
... A183: 7569 | B183: 332 | C183: 7569 | D183: Multifuncional | E183: SUC | F183: BELLTECH
A184: 7613 | B184: 812 | C184: 7613 | D184: Multifuncional | E184: SUC | F184: DIEBOLD
A185: 7614 | B185: 812 | C185: 7614 | D185: Multifuncional | E185: SUC | F185: DIEBOLD
A186: 7680 | B186: 318 | C186: 7680 | D186: Multifuncional | E186: SUC | F186: BELLTECH
A187: 7759 | B187: 476 | C187: 7759 | D187: Multifuncional | E187: SUC | F187: DIEBOLD
A188: 7812 | B188: 7 | C188: 7812 | D188: Multifuncional | E188: SUC | F188: DIEBOLD
A189: 7875 | B189: 609 | C189: 7875 | D189: Multifuncional | E189: SUC | F189: BELLTECH
A190: 7888 | B190: 609 | C190: 7888 | D190: Multifuncional | E190: SUC | F190: BELLTECH
A191: 7939 | B191: 166 | C191: 7939 | D191: Multifuncional | E191: SUC | F191: BELLTECH
A192: 7940 | B192: 166 | C192: 7940 | D192: Multifuncional | E192: SUC | F192: BELLTECH
A193: 7943 | B193: 91 | C193: 7943 | D193: Multifuncional | E193: SUC | F193: DIEBOLD
A194: 7979 | B194: 693 | C194: 7979 | D194: Multifuncional | E194: SUC | F194: BELLTECH
A195: 7980 | B195: 419 | C195: 7980 | D195: Multifuncional | E195: SUC | F195: BELLTECH
A196: 8018 | B196: 453 | C196: 8018 | D196: Multifuncional | E196: SUC | F196: BELLTECH
A197: 8019 | B197: 453 | C197: 8019 | D197: Multifuncional | E197: SUC | F197: BELLTECH
... A228: 8737 | B228: 31 | C228: 8737 | D228: Multifuncional | E228: SUC | F228: BELLTECH
A229: 8835 | B229: 509 | C229: 8835 | D229: Multifuncional | E229: SUC | F229: BELLTECH
A230: 8861 | B230: 33 | C230: 8861 | D230: Multifuncional | E230: SUC | F230: BELLTECH
A231: 8868 | B231: 225 | C231: 8868 | D231: Multifuncional | E231: SUC | F231: BELLTECH
A232: 8869 | B232: 225 | C232: 8869 | D232: Multifuncional | E232: SUC | F232: BELLTECH
A233: 8887 | B233: 442 | C233: 8887 | D233: Multifuncional | E233: SUC | F233: BELLTECH
A234: 8888 | B234: 442 | C234: 8888 | D234: Multifuncional | E234: SUC | F234: BELLTECH
A235: 8896 | B235: 721 | C235: 8896 | D235: Multifuncional | E235: SUC | F235: BELLTECH
A236: 8897 | B236: 721 | C236: 8897 | D236: Multifuncional | E236: SUC | F236: DIEBOLD
A237: 8927 | B237: 20 | C237: 8927 | D237: Multifuncional | E237: SUC | F237: BELLTECH
A238: 8974 | B238: 85 | C238: 8974 | D238: Multifuncional | E238: SUC | F238: BELLTECH
A239: 8988 | B239: 536 | C239: 8988 | D239: Multifuncional | E239: SUC | F239: DIEBOLD
A240: 9004 | B240: 457 | C240: 9004 | D240: Multifuncional | E240: SUC | F240: BELLTECH
A241: 9009 | B241: 348 | C241: 9009 | D241: Multifuncional | E241: SUC | F241: BELLTECH
... A276: 1469 | B276: 214 | C276: 1469 | D276: MULTIFUNCIONAL | E276: SUC | F276: BELLTECH

Sheet Hoja1
A1: Cod Suc | B1: Cajero | C1: Marca | D1: Cajero | E1: Sucursal | F1: Lider de servicio | G1: SUBGERENTE | H1: FECHA ARQUEO | I1: FECHA REPROGRAMACION | J1: FECHA PROGRAMADA | K1: OBSERVACIÓN
A2: 361 | B2: 5005 | C2: BELLTECH | D2: Multifuncional | E2: CENTRO DE PAGOS FONTIBON | F2: Fabio Orlando Bosa Poveda | G2: jaolarte | H2: 46070
